platform,video_id,title,author,author_id,snapshot_date,view_count,like_count,comment_count,share_count,favorite_count,coin_count,danmaku_count,publish_date,tags,url
bilibili,BV1hMo5BYEps,真的抽累了，从来没有这么高的预算，40万抽三张sp马超！《三国志战略版》,潘凤帮郭奉孝,472253284,2026-04-24,3264,39,22,0,7,-1,9,2026-04-24,"手游情报,抽卡,游戏解说,三战创作者计划,三国志战略版",https://www.bilibili.com/video/BV1hMo5BYEps
bilibili,BV1vEoLByEYP,三战二赛季两个零氪号幸运度对比,阴天守护星,3546748123351920,2026-04-24,208,7,1,0,0,-1,0,2026-04-24,"三国志战略版,零氪,MOBA",https://www.bilibili.com/video/BV1vEoLByEYP
bilibili,,三国志战略版·高效收战功,黄歪歪本歪,436339767,2026-04-24,67953,0,0,0,0,-1,0,,,https://www.bilibili.com/video/
bilibili,BV1CMo7BFEBZ,悔哭了，第一桌硬着头皮玩皇马，战功被郊区碾压,大V爱游戏,651213952,2026-04-24,1095,19,6,0,2,-1,0,2026-04-24,"三战创作者计划,三国志战略版",https://www.bilibili.com/video/BV1CMo7BFEBZ
bilibili,BV1L8oYBcEXp,满红周瑜最近没空玩三战，无奈请工作室帮忙打架：居然打出天下无双，还有多场鏖战！【三国志战略版】【开区第20天】【周瑜开局号】,5st逍遥,36991608,2026-04-24,1620,13,1,0,2,-1,1,2026-04-23,"三国志战略版,开局号,周瑜",https://www.bilibili.com/video/BV1L8oYBcEXp
bilibili,BV1GqoYBxE22,三国志战略版温侯弓开荒攻略，从翻车到连穿，肝帝给你讲清楚！,肝帝的北伐,3632316251375744,2026-04-24,65,0,0,0,0,-1,0,2026-04-24,"SLG,三国,三国志战略版温侯弓开荒,雷电模拟器推荐,三国志战略版玩法,三国志战略版模拟器,三国志战略版,三国志战略版电脑版,三国志战略版开荒攻略",https://www.bilibili.com/video/BV1GqoYBxE22
bilibili,BV17YoGBBE3s,大叔自榨花生油后续：大叔专门来感谢金主虎哥，顺便看看女儿！#三国志战略版 #三战创作者计划 #三战AI创作大赛,大来财,3632311708944787,2026-04-24,163,3,0,0,0,-1,0,2026-04-24,"三战创作者计划,三国志战略版",https://www.bilibili.com/video/BV17YoGBBE3s
bilibili,BV1jYoGBBE75,看看接战第一天真实战报，代代版本甘太程！,一个侠盗,4090865,2026-04-24,1925,27,26,0,1,-1,0,2026-04-24,"新剧本九州兵兴,三战创作者计划,必剪创作,三国志战略版攻略,三国志战略版抽卡,三国志战略版",https://www.bilibili.com/video/BV1jYoGBBE75
bilibili,BV1AGoMBiEtu,功勋换错，赛季白干！平民霸业兑换T0避坑指南！#三国志战略版攻略 #三国志战略版 #三战创作者计划,三战卡比兽,621273884,2026-04-24,367,4,0,0,5,-1,0,2026-04-23,"手游,校园,搞笑",https://www.bilibili.com/video/BV1AGoMBiEtu
bilibili,BV1EvojBXEmm,【重新开始玩】零氪怎么玩？ 单纯不充钱  三国志战略版 平民 三战 攻略 解析,小叶空青,526559977,2026-04-24,534,12,4,0,2,-1,0,2026-04-24,"三国志,三国,三国志战略版,零氪,三战,平民",https://www.bilibili.com/video/BV1EvojBXEmm
bilibili,BV1hV411j7hb,三国志战略版，满红大佬被围攻了，一人打一盟！,无敌马小超,477010534,2026-04-24,471866,3246,370,0,515,-1,334,2021-05-19,"三国志,三国志战略版,游戏知识分享官,打卡挑战",https://www.bilibili.com/video/BV1hV411j7hb
bilibili,BV1gJtjzQEhF,三国志战略版-新手篇之【现版本养号攻略】-带你少踩一些坑~-三战,心远攻略组,424022748,2026-04-24,78042,967,159,0,553,-1,60,2025-08-05,"心远攻略组,新手,三国志战略版,账号养成,教程攻略,分享游戏故事,攻略,少踩坑",https://www.bilibili.com/video/BV1gJtjzQEhF
bilibili,BV1PAo7BeEi7,400元账号闯荡三战 九州预备篇：400元账号武将战法情况总览！开荒队伍选择以及接战队伍选择！,三战-日尧皇,1549631702,2026-04-24,975,18,34,0,3,-1,1,2026-04-24,"整点电子榨菜,必剪创作,三国志战略版,教程攻略,三战,武将,平民,即时战略",https://www.bilibili.com/video/BV1PAo7BeEi7
bilibili,BV13S4y167ez,新手开荒奥义攻略，包教包会【三国志战略版-有啥配啥打天下】07,阿志-三国志战略版,454802537,2026-04-24,628333,7781,479,0,1281,-1,409,2022-02-28,"策略,有啥配啥打天下,军师云集大神上台,游戏,手机游戏,游戏知识分享官,攻略,三国志战略版",https://www.bilibili.com/video/BV13S4y167ez
bilibili,BV1PeopBmE9P,王者荣耀但三战版,三战丨续杯,3546975546903030,2026-04-24,342,12,1,0,0,-1,0,2026-04-22,"三战创作者计划,三国志战略版",https://www.bilibili.com/video/BV1PeopBmE9P
bilibili,BV1osogBNEQi,氪金大佬玩三战也是有烦恼的，也容易破防的……#三国志战略版 #三战创作者计划 #三战实拍记录,以为002,3546802328439212,2026-04-24,177,4,0,0,0,-1,0,2026-04-23,"三战创作者计划,三国志战略版",https://www.bilibili.com/video/BV1osogBNEQi
bilibili,BV1X2ZoB8Ero,三国志战略版零氪到底能不能玩？！曾经一毛不氪的UP为什么在新区氪金1万？零氪微氪S1新区选服、选开局号攻略！40分钟激情讲解各种注意事项、经验之谈无偿分享！,5st逍遥,36991608,2026-04-24,12059,58,77,0,26,-1,11,2026-02-22,"周瑜,新手教学,氪金,三国志战略版,跑区,开局号,零氪,教程攻略,新区,平民",https://www.bilibili.com/video/BV1X2ZoB8Ero
bilibili,BV1cWoGByEbG,义心蜀弓被野狗爆杀？但能跟幻神掰手腕！战报带你细观其战场环境！,问道丨叶问,46505958,2026-04-24,89,3,0,0,0,-1,0,2026-04-24,三国志战略版,https://www.bilibili.com/video/BV1cWoGByEbG
bilibili,BV1okdHBbEhU,理性讨论，三战为什么越来越不好玩了？,潜水核弹,663368459,2026-04-24,3165,22,22,0,0,-1,3,2026-04-18,"策略游戏,三国志战略版,游戏推荐",https://www.bilibili.com/video/BV1okdHBbEhU
bilibili,BV1bSoWBxEY8,赵云加强后该怎么玩？#三国志战略版攻略 #三国志战略版 #三战创作者计划,三战卡比兽,621273884,2026-04-24,118,8,0,0,0,-1,0,2026-04-22,"原神,FPS,动作游戏",https://www.bilibili.com/video/BV1bSoWBxEY8
bilibili,BV1dmoEBHEN2,gpt image2的生图能力太逼真了，有种栩栩如生的感觉了#率土之滨 #率土星推计划 #率批同盟故事会 #率批同盟图鉴,难逃格调,3690985877932864,2026-04-24,1,0,0,0,0,-1,0,2026-04-24,"率批同盟图鉴,率批同盟故事会,率土星推计划,率土之滨",https://www.bilibili.com/video/BV1dmoEBHEN2
bilibili,BV1YuoEBEEaU,盟主，下赛季不能控号了！#率土之滨 #率土星推计划 #率批同盟故事会 #率批同盟图鉴,bili_54976047519,626831914,2026-04-24,0,1,0,0,0,-1,0,2026-04-24,"#率土之滨 #率土星推计划 #率批同盟故事会 #率批同盟图鉴,率土之滨,教程攻略",https://www.bilibili.com/video/BV1YuoEBEEaU
bilibili,BV1ikoEBdEHr,率土之滨先天盟主#率土之滨 #率土星推计划 #率批同盟故事会,醉丨醉,3546587051591942,2026-04-24,0,0,0,0,0,-1,0,2026-04-24,"可爱,率批同盟故事会,率土星推计划,率土之滨",https://www.bilibili.com/video/BV1ikoEBdEHr
bilibili,BV1okoEBRE3s,率土之滨的同盟情谊#率土之滨 #率土星推计划 #率批同盟故事会,醉丨醉,3546587051591942,2026-04-24,1,0,0,0,0,-1,0,2026-04-24,"率批同盟故事会,率土星推计划,率土之滨,高能,可爱,游戏",https://www.bilibili.com/video/BV1okoEBRE3s
bilibili,BV1dpPQzAEwo,独家重磅消息！【率土之滨】2.0BT最新开服公告来了，打破一切质疑,钱中庭xian,1188577840,2026-04-24,1367,15,12,0,6,-1,0,2026-03-09,率土之滨,https://www.bilibili.com/video/BV1dpPQzAEwo
bilibili,BV1iRoVBGEmr,20260424.【率土之滨】两万玉抽卡蜀汉名将,率土之滨-乐阳,3546576702146905,2026-04-24,600,15,12,0,0,-1,2,2026-04-24,"抽卡,SLG,率批同盟图鉴,三国,率批同盟故事会,率土星推计划,非酋,率土之滨,欧皇,玄学",https://www.bilibili.com/video/BV1iRoVBGEmr
bilibili,BV18GojBBEMx,率土之滨终于眷顾我了( ๑ŏ ﹏ ŏ๑ ),bili_84939230561,3546919007684847,2026-04-24,1,1,0,0,0,-1,0,2026-04-24,"率批同盟图鉴,率批同盟故事会,率土星推计划,率土之滨",https://www.bilibili.com/video/BV18GojBBEMx
bilibili,BV12oo5BfEh8,尽情享受策略推演的魅力！来【率土之滨】,SLG沙盘君,1796569154,2026-04-24,12,0,1,0,0,-1,0,2026-04-24,"率土之滨,教程攻略,电子竞技,AI,战争,游戏",https://www.bilibili.com/video/BV12oo5BfEh8
bilibili,BV18Xo5BYETZ,在率土之滨里1v100是什么体验！,SLG沙盘君,1796569154,2026-04-24,12,1,1,0,0,-1,0,2026-04-24,"率土之滨,胜负,策略,三国,游戏,动画",https://www.bilibili.com/video/BV18Xo5BYETZ
bilibili,BV1C5oYB3E9E,四分钟带你速通张恭削弱,酒丨寂,431554447,2026-04-24,1874,42,24,0,5,-1,1,2026-04-23,"平衡性调整,率土之滨,教程攻略,平衡,速通",https://www.bilibili.com/video/BV1C5oYB3E9E
bilibili,BV1zeoNB9ENM,率土采茶品茗全程无废话,-杰瑞_-,3706945223526402,2026-04-24,664,19,1,0,4,-1,0,2026-04-20,"率土之滨,武侠,古风",https://www.bilibili.com/video/BV1zeoNB9ENM
bilibili,BV1W2oLBxENG,粉丝20抽征服3卡包，你们觉得欧还是黑？#率土之滨 #率土星推计划 #率批同盟故事会,率土云弈,454549458,2026-04-24,63,1,1,0,0,-1,0,2026-04-24,"率土之滨,抽卡,三国",https://www.bilibili.com/video/BV1W2oLBxENG
bilibili,BV19NojBVEug,这次拿曹操总没问题了吧,率土之滨-神绛,3546701757418304,2026-04-24,42,1,0,0,0,-1,0,2026-04-24,"率批同盟故事会,率土星推计划,率土之滨",https://www.bilibili.com/video/BV19NojBVEug
bilibili,BV1Xe411v71s,率土之滨真送杯子呀,大胆阿赖a,3546385286695086,2026-04-24,1556,5,0,0,0,-1,0,2024-01-01,"率土星推计划,三国,网易春风,率土之滨",https://www.bilibili.com/video/BV1Xe411v71s
bilibili,BV18Xo5BYEEW,这游戏真的细节！连真实地形都还原了！,SLG沙盘君,1796569154,2026-04-24,24,0,1,0,0,-1,0,2026-04-24,"需求,率土之滨,武将,策略,三国,游戏",https://www.bilibili.com/video/BV18Xo5BYEEW
bilibili,BV1CKo7BhECU,率土之滨新年快乐统一全区,无悔华夏一孙武,3546934958623642,2026-04-24,18,6,2,0,1,-1,0,2026-04-24,"策略游戏,三国",https://www.bilibili.com/video/BV1CKo7BhECU
bilibili,BV14Zo5BFEb7,智谋对决，尽在《率土之滨》！,SLG沙盘君,1796569154,2026-04-24,2,0,1,0,0,-1,0,2026-04-24,"率土之滨,策略游戏,AI,建筑,战争,游戏",https://www.bilibili.com/video/BV14Zo5BFEb7
bilibili,BV1qVoVBgEyH,我计不成乃天命也,率土之滨奇安,526140450,2026-04-24,92,6,0,0,0,-1,0,2026-04-24,"率批同盟故事会,率土星推计划,率土之滨",https://www.bilibili.com/video/BV1qVoVBgEyH
bilibili,BV1chojBxEQR,【率土之滨兮兮一点】更新了一条视频，快来围观！,率土之滨兮兮一点,507678776,2026-04-24,64,3,0,0,0,-1,0,2026-04-24,"率批同盟故事会,率土星推计划,率土之滨",https://www.bilibili.com/video/BV1chojBxEQR
bilibili,BV1MtdDBaEQs,率土之滨品茶活动,bili_85272484619,3546594735557247,2026-04-24,155,8,1,0,0,-1,0,2026-04-22,"率土之滨2026年谷雨活动,记录",https://www.bilibili.com/video/BV1MtdDBaEQs
bilibili,BV1c4o5BnE5w,【三国谋定天下】宇宙杯交战第一天，什么阵容表现好？,超超大魔王zZ,31015120,2026-04-24,5717,74,18,0,16,-1,2,2026-04-24,"三谋W11赛季新武将,三谋新剧本陈仓之围,三国：谋定天下",https://www.bilibili.com/video/BV1c4o5BnE5w
bilibili,BV1p5BNYpEhj,S1赛季五队T0最新顶配共存3，大黄诸-大乔黄盖诸葛亮，忠义弓-刘备张飞黄忠，甄虎卫-甄洛曹操典韦，胖胖貂-庞德董卓貂蝉，孙小瑜-孙权小乔周瑜#三国谋定天下,三谋表哥,288601791,2026-04-24,46160,134,8,0,275,-1,2,2024-12-16,"诸葛亮,张飞,三国：谋定天下,刘备",https://www.bilibili.com/video/BV1p5BNYpEhj
bilibili,BV1A9oMBBEQf,金主高战接遭迫害，宇宙杯究竟发生了什么？【三国：谋定天下】,三谋独有小千,3546696415971988,2026-04-24,1701,17,2,0,4,-1,1,2026-04-23,"三谋新剧本陈仓之围,三谋诚意拉满,三谋宇宙杯,三国：谋定天下,slg,宇宙杯",https://www.bilibili.com/video/BV1A9oMBBEQf
bilibili,BV1reCdYgEgf,零氪欧皇！区区100抽后，却比我的一生都精彩？【三国：谋定天下】,三谋牛一飞,3546776546052756,2026-04-24,46777,170,64,0,21,-1,17,2024-10-19,"三国：谋定天下,游戏日常,搞笑,游戏,零氪,欧皇,抽卡",https://www.bilibili.com/video/BV1reCdYgEgf
bilibili,BV1abdCBmEyZ,诛星：曾经的死敌，现在的盟友，却是最狠的刀！ 【三国谋定天下】,珍珠齁甜,1218289192,2026-04-24,1606,17,13,0,2,-1,0,2026-04-20,"游戏杂谈,三谋玩家故事,三国：谋定天下,冠军服,宇宙杯,游戏日常,神仙打架,江湖,游戏解说",https://www.bilibili.com/video/BV1abdCBmEyZ
bilibili,BV1t6NqzEEEZ,第一天氪1k，从零开始三谋！,九弓戈,3461577657288849,2026-04-24,31186,208,105,0,21,-1,36,2025-06-17,必剪创作,https://www.bilibili.com/video/BV1t6NqzEEEZ
bilibili,BV1Dm7kzwEcJ,三国谋定天下,熬夜大满贯,3493283789540182,2026-04-24,114550,456,78,0,611,-1,3,2025-06-02,"三谋x游戏区周年庆创作者激励计划,鼓鼓,三谋游戏日常,LPL,解说,王多多,高能,英雄联盟,IG,BLG",https://www.bilibili.com/video/BV1Dm7kzwEcJ
bilibili,BV11w4m1y7TD,黑丝表妹埋头苦干，新创战法，你看行不行？,墨镜老表,3546661072669344,2026-04-24,12993,137,10,0,13,-1,1,2024-04-22,"三国谋定天下,三谋,三国,妹子,小仙女",https://www.bilibili.com/video/BV11w4m1y7TD
bilibili,BV1Xwgkz7EkN,诛星+大明vs破晓+喵喵！来点宇宙杯的震撼！【三国：谋定天下】,三谋独有小千,3546696415971988,2026-04-24,33877,210,11,0,25,-1,4,2025-06-30,"三国：谋定天下,614三谋周年庆新服,谋女郎掀起瓦GO之争,三谋游戏日常,宇宙杯",https://www.bilibili.com/video/BV1Xwgkz7EkN
bilibili,BV19niKBfE8R,S1新区氪10万抽卡！,三谋天涯断剑,3546389707491853,2026-04-24,3813,46,5,0,1,-1,1,2025-12-31,"#三谋1115新剧本四海归心,#千盟共谋定天下,三谋诚意拉满,三谋游戏日常,三谋",https://www.bilibili.com/video/BV19niKBfE8R
bilibili,BV1GkgbzCEVb,义子又又又开发出新队伍了，这次开发的队伍你给他打几分？#三国谋定天下 #三国谋定天下赏金计划 #千胜万人敌 #三谋玩家故事,千胜万人敌-义子,3546628306766699,2026-04-24,31818,205,43,0,29,-1,23,2025-07-20,"桌游棋牌,三国,三国志战略版",https://www.bilibili.com/video/BV1GkgbzCEVb
bilibili,BV1Q11eYuEmV,三国谋定天下S2开荒一日流程（已更新优化，点开主页看新视频）,伯渊__,335349493,2026-04-24,69764,637,115,0,1066,-1,33,2024-10-06,"三国谋定天下赏金计划,必剪创作",https://www.bilibili.com/video/BV1Q11eYuEmV
bilibili,BV1p1PKzDEjp,【三国谋定天下】新区开局氪2W块，能抽成什么样？,三谋老头,3546702808091313,2026-04-24,88739,805,166,0,160,-1,285,2026-03-04,"三国：谋定天下,三谋,抽卡,氪金",https://www.bilibili.com/video/BV1p1PKzDEjp
bilibili,BV1vR6aYoEuz,塔宝此生仅有的击溃5424的机会？这把是父子局；武圣2【三国谋定天下】,小粥不吃渔i,3546692318136534,2026-04-24,54597,1063,26,0,66,-1,2,2024-12-29,"三国：谋定天下,切片,整活,塔宝,手游,搞笑,游戏,三谋玩家故事,slg,虚拟偶像",https://www.bilibili.com/video/BV1vR6aYoEuz
bilibili,BV1fEabzyE4v,当女友知道三谋冠军服的价格【三国谋定天下】,喵利休,11595644,2026-04-24,270283,2253,42,0,123,-1,12,2025-09-05,"三谋冠军服,三谋,三谋S10,三谋攻略,三国谋定天下,三国：谋定天下,喵利休,三谋抽卡,三谋诚意拉满,三谋新手",https://www.bilibili.com/video/BV1fEabzyE4v
bilibili,BV1iSNQzBEb9,程女士小号全服第一，亲自巡视攻城情况【三国：谋定天下】,三谋小乔治,3546715814627715,2026-04-24,25134,86,52,0,46,-1,2,2025-06-22,"三谋x游戏区周年庆创作者激励计划,搞笑,美女,三国：谋定天下,谋女郎掀起瓦GO之争,614三谋周年庆新服,三谋游戏日常",https://www.bilibili.com/video/BV1iSNQzBEb9
bilibili,BV1RYdLB3Eij,吃瓜诛星对战九天揽月，匹配前天亦知约战超超大魔王和迈思，双方火药味拉满！这次诛星阵营和九天揽月阵营谁能获胜？难道铁骑又能出奇兵？ #三国谋定天下 #三谋玩家故事,三谋丨义父,3546781543565524,2026-04-24,3339,34,5,0,1,-1,0,2026-04-17,"三谋良心又好玩,三国：谋定天下,超超大魔王,九天揽月,诛星,铁骑",https://www.bilibili.com/video/BV1RYdLB3Eij
bilibili,BV13XBWBUETZ,义子终究打破质疑，王业之争一手郭嘉黑科技震惊全场！#三国谋定天下 #三国谋定天下赏金计划 #三谋玩家故事 #三谋王业之争即时开打#千胜万人敌,千胜义子公,3546700557846945,2026-04-24,9728,99,13,0,40,-1,2,2025-12-22,三国：谋定天下,https://www.bilibili.com/video/BV13XBWBUETZ
bilibili,BV1i3XrBrEt1,一不注意听泉直播干回老本行？【三国：谋定天下】,三谋狂小狗,36553901,2026-04-24,16168,290,1,0,8,-1,1,2026-03-31,"三谋328寻宝新服送328,三谋诚意拉满,听泉赏宝,三国：谋定天下,三谋,听泉,slg",https://www.bilibili.com/video/BV1i3XrBrEt1
bilibili,BV1YfgDz3EJN,后续来了！义子帮最权威的零氪兄弟直接翻身！以后必须站起来说话！#三国谋定天下 #三国谋定天下赏金计划 #三谋良心又好玩 #千胜万人敌,千胜万人敌-义子,3546628306766699,2026-04-24,30859,334,67,0,20,-1,15,2025-07-01,"三国,率土之滨,桌游棋牌,卡牌游戏,氪金",https://www.bilibili.com/video/BV1YfgDz3EJN
bilibili,BV19XASehEKm,【世界启元】为什么我对世界启元的评价很高,超超大魔王zZ,31015120,2026-04-24,47284,132,143,0,22,-1,4,2025-02-23,"手游,世界启元,bilibili新春季,腾讯游戏,文明6,冬日打游戏",https://www.bilibili.com/video/BV19XASehEKm
bilibili,BV17ZtcecECR,世界启元：第一发东风的诞生,极归,375302308,2026-04-24,31687,123,52,0,27,-1,3,2024-09-14,"世界启元,世界启元手游,必剪创作",https://www.bilibili.com/video/BV17ZtcecECR
bilibili,BV1vbdVBKEKd,世界启元   公益版    无限内购  无限资源分享   最新,初见端倪77,1299800301,2026-04-24,119,12,27,0,6,-1,0,2026-04-17,"世界启元攻略,世界启元,MIR4,taptap手游,英雄联盟手游,率土之滨,教程攻略",https://www.bilibili.com/video/BV1vbdVBKEKd
bilibili,BV1NeYDebEkU,世界启元 10几分钟攻占天空城 沉浸式观看 飞机与气球的狂轰滥炸,光怪陆离的人生H,686215075,2026-04-24,2474,14,1,0,4,-1,0,2024-08-11,"原创,教程攻略,风景",https://www.bilibili.com/video/BV1NeYDebEkU
bilibili,BV1r7421o7xj,新手福音！《世界启元》保姆级开荒攻略,导游老潘,43850713,2026-04-24,77134,643,110,0,289,-1,16,2024-06-07,"世界启元,SLG手游,文明手游",https://www.bilibili.com/video/BV1r7421o7xj
bilibili,BV1PK42147Zy,文明手游？评价为吃粑粑都赶不上热乎的玩意！【狗哥锐评《世界启元》】,一只神奇的狗,294168428,2026-04-24,377872,10062,1613,0,812,-1,624,2024-03-02,"Staem,策略,手游情报,推荐宝藏游戏,文明,SLG,文明6,世界启元,手游,文明手游",https://www.bilibili.com/video/BV1PK42147Zy
bilibili,BV1tz421i7Ee,简单氪10个648试一试世界启元的出货率,老芒果OL,3546558119283625,2026-04-24,2407683,36928,1188,0,20429,-1,3740,2024-07-20,"非酋,SLG,世界启元,抽卡,腾讯,文明",https://www.bilibili.com/video/BV1tz421i7Ee
bilibili,BV1UQd6BNEvY,世界启元，先锋服,雪帝雪帝雪帝,1315946074,2026-04-24,95,1,0,0,0,-1,0,2026-04-20,"回忆,娱乐,教程攻略",https://www.bilibili.com/video/BV1UQd6BNEvY
bilibili,BV115DEBpEeB,《机械启元》试玩：机械兽拆家实测！一次性打完所有弹药，开宝箱,江陵推游戏,225648336,2026-04-24,852,11,4,0,3,-1,2,2026-04-08,"机械启元,开放世界游戏,游戏资讯,多人联机,生存游戏,试玩,解说,游戏,游戏推荐,游戏试玩",https://www.bilibili.com/video/BV115DEBpEeB
bilibili,BV1WU411U7du,完全胜利，统一世界！挑战霸服世界启元#3,一叮当猫一,450882837,2026-04-24,275143,7752,200,0,1711,-1,108,2024-08-05,"三国,策略游戏,世界启元,手机游戏,沙盘,SLG,游戏解说,游戏暑期狂欢节,文明,战争",https://www.bilibili.com/video/BV1WU411U7du
bilibili,BV1EZndePEjP,世界启元S2：10万金1300抽,萌音折纸,1893520,2026-04-24,15019,85,86,0,15,-1,57,2024-08-31,"文明,第二纪元,4x,抽卡,氪金,抽奖,2024游戏暑期狂欢节,slg,世界启元,游戏暑期狂欢节,S2",https://www.bilibili.com/video/BV1EZndePEjP
bilibili,BV1Ca32eoEC3,世界启元 最后一天 沃地天空城攻打实录,柯杰SAMA,14933414,2026-04-24,7814,37,40,0,6,-1,1,2024-06-27,"世界启元文明正版,RPG,模拟经营,怀旧,世界启元,文明6",https://www.bilibili.com/video/BV1Ca32eoEC3
bilibili,BV1WvcwzcELb,世界启元爽玩服抽限定,slg刘季,3546765489867455,2026-04-24,1416,1,7,0,2,-1,0,2026-02-08,世界启元,https://www.bilibili.com/video/BV1WvcwzcELb
bilibili,BV1q1421t7bp,【世界启元】最诚实的公测简评！,萌音折纸,1893520,2026-04-24,8578,66,46,0,6,-1,4,2024-07-28,"游戏评测,必剪创作,2024游戏暑期狂欢节,slg,4x,游戏暑期狂欢节,肝氪,世界启元,文明",https://www.bilibili.com/video/BV1q1421t7bp
bilibili,BV1kVdVBjEcf,《世界启元》+无限代金+GM后台任刷，★（99亿代金）★（无限代金）★（无限内购） ★（GM后台）一键三连免费分享！！！,茉莉檐下雪1,3706948304243228,2026-04-24,69,1,1,0,0,-1,0,2026-04-17,"世界启元活动,世界启元礼包码,世界启元福利,世界启元攻略,世界启元,世界启元兑换码,一键三连,教程攻略",https://www.bilibili.com/video/BV1kVdVBjEcf
bilibili,BV13vDZBGEJj,启元百晓生《世界启元》X6赛季怎么玩？一个视频看懂！,启元百晓生,3546692500589435,2026-04-24,83,3,0,0,0,-1,0,2026-04-10,"世界启元,游戏推荐",https://www.bilibili.com/video/BV13vDZBGEJj
bilibili,BV1ct42177oh,老田说世界启元之英雄介绍（上）,老田不存在,53228694,2026-04-24,8088,149,37,0,46,-1,5,2024-04-21,"英雄,游戏解说,教程攻略,介绍,原创",https://www.bilibili.com/video/BV1ct42177oh
bilibili,BV1gdYWebEq1,【世界启元】一个视频看懂世界启元玩儿的是啥？,SLG喜宝和泥萌,36234378,2026-04-24,615,12,4,0,4,-1,0,2024-08-08,"策略手游,战争,Slg,世界启元领航者计划,策略游戏,手游,世界启元,教程攻略,世界启元手游",https://www.bilibili.com/video/BV1gdYWebEq1
bilibili,BV1Fm411C7nw,文明新手游！从水下第一个生命萌芽开始，我能否吊打全世界？【世界启元】,游戏玩家丶零,1084910998,2026-04-24,194988,5135,512,0,835,-1,673,2024-03-26,"推荐宝藏游戏,世界启元,文明6手游,策略游戏,游戏玩家丶零,文明,文明6,文明手游,席德梅尔的文明,世界启元领航者计划",https://www.bilibili.com/video/BV1Fm411C7nw
bilibili,BV19ccDzmEPs,《世界启元》新赛季两套强力平民队伍推荐，白板也能薅战功！,风起风范,3546692494297961,2026-04-24,716,1,0,0,5,-1,1,2026-03-13,"世界启元,队伍,平民",https://www.bilibili.com/video/BV19ccDzmEPs
bilibili,BV1qF411e7rR,二爷关羽回来了！陆树铭老师全新参演「水淹七军」剧本宣传片,鸿图之下,544459041,2026-04-24,8424,230,43,0,29,-1,4,2021-10-26,"鸿图之下,三国演义,三国志,三国,陆树铭,关羽,水淹七军",https://www.bilibili.com/video/BV1qF411e7rR
bilibili,BV1mM4y1b7Av,鸿图之下还能活多久?2023年5月了，马上三周年了,又菜又爱玩的风信子,1827036727,2026-04-24,11356,36,42,0,1,-1,1,2023-05-08,"鸿图之下,必剪创作",https://www.bilibili.com/video/BV1mM4y1b7Av
bilibili,BV1GZ4y1N7Ue,【诈骗】腾讯最新诈骗活动，鸿图之下,神颜不笑官方号,651701801,2026-04-24,4278,47,9,0,1,-1,0,2020-09-18,"九月打卡挑战W3,鸿图之下,诈骗,网络诈骗,防诈骗,腾讯游戏",https://www.bilibili.com/video/BV1GZ4y1N7Ue
bilibili,BV1H4irBkEPe,鸿图之下3132义结金兰，开区第九日资源州关战,煙籠寒雨,3546951031196057,2026-04-24,575,5,1,0,0,-1,0,2026-01-04,"鸿图之下,游戏游戏游戏,义结金兰,slg,巅峰",https://www.bilibili.com/video/BV1H4irBkEPe
bilibili,BV11V411z7jh,腾讯虚幻四SLG手游【鸿图之下】试玩，三国题材,吃成痴痴,49133486,2026-04-24,46187,346,140,0,71,-1,120,2020-07-31,"手机游戏,高画质,虚幻4,SLG,腾讯,三国",https://www.bilibili.com/video/BV11V411z7jh
bilibili,BV1g3MXzNEis,鸿图之下武将强度排行榜，平民最强阵容搭配推荐！,太受欢迎了55,3546932760808274,2026-04-24,1352,6,0,0,1,-1,1,2025-07-12,"桌游棋牌,卡牌游戏,三国",https://www.bilibili.com/video/BV1g3MXzNEis
bilibili,BV15D4y1S7Bu,腾讯手游鸿图之下首测徐州杨州第一战,狗酱QAQ,38015063,2026-04-24,91470,221,195,0,18,-1,112,2020-07-10,"手游,腾讯游戏,实况",https://www.bilibili.com/video/BV15D4y1S7Bu
bilibili,BV16T4y1F7xL,《鸿图之下》两州大战,举头放肆,344730611,2026-04-24,36261,111,72,0,18,-1,36,2020-11-03,"战争,游戏视频,11月打卡挑战W1,实况",https://www.bilibili.com/video/BV16T4y1F7xL
bilibili,BV1a9oTBUEJv,（鸿图二串一）昨天早晚场成功拿下！4月23号二串一推荐《备战美加墨》,鸿图说球,490237072,2026-04-24,1234,31,30,0,26,-1,1,2026-04-23,"前进之鹰VS阿尔克马,足球,斯图加特VS弗赖堡,足球二串一红单,今日足球赛事预测,踢足球看足球热爱足球,足球二串一推荐,足球赛事分析预测,二串一,竞彩",https://www.bilibili.com/video/BV1a9oTBUEJv
bilibili,BV1E34y1w7ia,鸿图美美，鸿图之下，千人大战，嗨起来,鸿图美美,3493093150034289,2026-04-24,2196,7,5,0,0,-1,1,2023-11-24,必剪创作,https://www.bilibili.com/video/BV1E34y1w7ia
bilibili,BV1n84y167hL,8区老咸鱼教你如何卡核心 鸿图之下,椰子味儿椰奶,254516701,2026-04-24,1939,29,11,0,10,-1,2,2022-12-03,"技巧,平民,核心,教程攻略,游戏知识分享官,鸿图之下",https://www.bilibili.com/video/BV1n84y167hL
bilibili,BV16WPvztEjW,魔兽世界x揽佬 |《大展鸿图》全新MV,魔兽世界,2929048,2026-04-24,617568,9433,812,0,1945,-1,364,2026-03-04,"魔兽世界至暗之夜,大展宏图,暴雪游戏,网络游戏,网游,魔兽世界,魔兽",https://www.bilibili.com/video/BV16WPvztEjW
bilibili,BV1Z4rVBiEDY,鸿图之下3132-义结金兰 开区15日司州关口记录,煙籠寒雨,3546951031196057,2026-04-24,144,1,1,0,0,-1,0,2026-01-10,"鸿图之下,游戏游戏游戏,手游情报,义结金兰,slg,三国",https://www.bilibili.com/video/BV1Z4rVBiEDY
bilibili,BV1nZdmB5EXA,鸿图之下～无限资源～无限内购～无限代金～速来,平行飞机场,444388109,2026-04-24,20,6,1,0,1,-1,0,2026-04-21,"无限资源,零氪,资源",https://www.bilibili.com/video/BV1nZdmB5EXA
bilibili,BV1Ra4y1W7LX,鸿图之下：最近比较火的一款三国题材手游，怎么到处充满了群英传的味道呢？不愧是腾讯！,BJ大Y小Y,68977428,2026-04-24,3869,15,22,0,11,-1,0,2020-10-27,"三国游戏,三国,十月打卡挑战W5,鸿图之下,bilibili新星计划,必剪创作",https://www.bilibili.com/video/BV1Ra4y1W7LX
bilibili,BV1b1oHBnE5U,【对流层FMDX？】96.8MHz 广东广播电视台音乐之声（梅州鸿图嶂转播）整点报时片段（2026-04-22 7:00）,lpxx50117,15486360,2026-04-24,138,3,1,0,0,-1,0,2026-04-22,"FMDX,FM,广播",https://www.bilibili.com/video/BV1b1oHBnE5U
bilibili,BV1i4ohBsEKp,【V4洛天依】《曹 伺 天 下》丨（重填词cover）,いぶきふこ,337252116,2026-04-24,3214,192,72,0,88,-1,6,2026-04-23,"VOCALOID CHINA,COVER,填词,洛天依,三国,VOCALOID,历史",https://www.bilibili.com/video/BV1i4ohBsEKp
bilibili,BV1zboGB3EnE,黄毛爬泰山直播兑换码来了，记得领取下,新海荒野起源,3546940455258685,2026-04-24,1914,50,2,0,31,-1,0,2026-04-24,"游戏解说,游戏视频,手机游戏,这下可要燕入味了,燕云 说书人计划,燕云十六声,游戏鉴赏家",https://www.bilibili.com/video/BV1zboGB3EnE
bilibili,BV1tjd9BqEq8,不管你强不强，反正我都要打你几下的平民强队推荐#三国天下归心公测#三国将星转世#三国天下归心#陈赫代言三国天下归心#游戏破壁计划,蛋饼游戏日记,482304083,2026-04-24,5368,59,23,0,74,-1,1,2026-04-22,"三国:天下归心公测创作者召集令,三国天下归心",https://www.bilibili.com/video/BV1tjd9BqEq8
bilibili,BV11541177xt,【初色出品】《鸿图之下》宣传CG,初色动画官方,436855457,2026-04-24,8592,181,20,0,146,-1,3,2021-02-07,"游戏CG,鸿图之下,游戏动画,CG动画,宣传片",https://www.bilibili.com/video/BV11541177xt
bilibili,BV1KK411J7Ea,《三国志汉末霸业》新人上手详细教程，游戏内容全面覆盖，看完秒懂，成就霸业！,牛蛙呱呱_,40668004,2026-04-24,434662,5130,510,0,2065,-1,894,2020-07-19,"教程,策略游戏,国产游戏,攻略,单机,三国,策略",https://www.bilibili.com/video/BV1KK411J7Ea
bilibili,BV1uRdhBGE4z,【三国志汉末霸业】V1.1.10.4 豪华中文版+全DLC整合 学习版免安装教程丨资源丨下载,小茜工具,1247540563,2026-04-24,1344,22,5,0,14,-1,0,2026-04-16,"三国志汉末霸业,策略游戏,沙盒游戏,单机游戏,三国志,三国,实况解说,演示,教程攻略,三国游戏",https://www.bilibili.com/video/BV1uRdhBGE4z
bilibili,BV1vSoaBtEec,《三国志汉末霸业》解压即玩 简单试玩 资源 简介自取,风灵宗大尾巴狼,272946234,2026-04-24,508,6,2,0,4,-1,0,2026-04-23,"模拟经营,三国志汉末霸业,城市建设,策略游戏,春秋战国,SLG,游戏推荐,游戏试玩,三国志,三国",https://www.bilibili.com/video/BV1vSoaBtEec
bilibili,BV1JudrB9ELp,【手游推荐】三国志汉末霸业最新完整版,玩客秘境,3546840356096504,2026-04-24,138,6,1,0,3,-1,0,2026-04-23,"三国志汉末霸业,手游推荐,策略游戏,三国志,游戏推荐",https://www.bilibili.com/video/BV1JudrB9ELp
bilibili,BV11po7YgEkT,汉末霸业，巨城副本，极难模式,五年没改名,112498552,2026-04-24,12615,76,22,0,37,-1,7,2025-04-14,"汉末霸业,游戏实况,推荐宝藏游戏,推荐宝藏游戏第30期",https://www.bilibili.com/video/BV11po7YgEkT
bilibili,BV1Zr4y1N7iF,《三国志汉末霸业》最新DLC（龙腾虎啸）初步介绍，大量增强了水战系统，喜欢水多的有福了！,牛蛙呱呱_,40668004,2026-04-24,29981,378,53,0,50,-1,18,2021-01-20,"DLC,三国,娱乐解说,策略,三国志,汉末霸业,策略游戏,三国游戏,娱乐",https://www.bilibili.com/video/BV1Zr4y1N7iF
bilibili,BV1yXohBqEYR,【三国志汉末霸业】v1.1.4 豪华中文版+全DLC整合 学习版免安装教程丨资源丨下载,一天两瓶白醋,3546880002754872,2026-04-24,424,4,4,0,6,-1,0,2026-04-23,"益智游戏,策略游戏,沙盒战争,战争策略,教程攻略,经营模拟,三国游戏,单机游戏,三国志,三国",https://www.bilibili.com/video/BV1yXohBqEYR
bilibili,BV1hbDkBcEYs,【三国志汉末霸业手机版】 豪华中文版+全DLC整合，在简价自娶，安装即玩,苏苏9621,3546642718394767,2026-04-24,457,12,1,0,9,-1,0,2026-04-11,"策略游戏,三国志,三国",https://www.bilibili.com/video/BV1hbDkBcEYs
bilibili,BV1EroEB4EER,起凡三国争霸 【丨汉末丶太尉】 随点 马谡 出个风行生存能力拉满！,sy辣个蓝人,259656895,2026-04-24,11,1,0,0,0,-1,0,2026-04-24,"马谡,民谣,LIVE",https://www.bilibili.com/video/BV1EroEB4EER
bilibili,BV1LuoaBdE6o,【三国志8重制版 REMAKE 威力加强版】V1.1.3 中字-国语版+全DLC整合+修改器 学习版免安装教程丨资源丨下载,最爱倒立洗头,3706939573799283,2026-04-24,404,4,4,0,4,-1,0,2026-04-23,"策略游戏,三国志,三国,战争,三国志14,战争策略,经营模拟,演示,三国游戏,即时战略",https://www.bilibili.com/video/BV1LuoaBdE6o
bilibili,BV1itixBdEop,三国志汉末霸业 PC+安卓豪华中文 V1.1.7.4053+苍天之志：番外篇+全DLC,小杏游戏分享,3537123655289302,2026-04-24,3099,38,9,0,17,-1,0,2026-01-05,"策略游戏,三国志,三国",https://www.bilibili.com/video/BV1itixBdEop
bilibili,BV1e4cgzBEpY,【三国志汉末霸业】V1.1.8 豪华中文版+全DLC整合 学习版免安装教程丨资源丨下载,阿尔丁玩家,99910771,2026-04-24,7062,151,89,0,115,-1,2,2026-02-09,"教程攻略,策略游戏,战略游戏,ARPG,三国志,三国,中文版",https://www.bilibili.com/video/BV1e4cgzBEpY
bilibili,BV1uW4y1u7tP,三国志汉末霸业 01 沈邑尘梦回三国  一人一城开启统一霸业,haoren1701,108147251,2026-04-24,64811,769,121,0,357,-1,103,2022-12-16,"汉末霸业,娱乐,游戏解说,策略游戏,三国志,游戏知识分享官",https://www.bilibili.com/video/BV1uW4y1u7tP
bilibili,BV1qEoLByETJ,三国战略 steam新游《沙盘战争：三国》等你来！,张鱼胖丸子-,408139294,2026-04-24,1234,102,37,0,61,-1,15,2026-04-24,"策略游戏,三国志,推荐宝藏游戏,三国,战争,历史,steam游戏,游戏推荐,策略,即时战略",https://www.bilibili.com/video/BV1qEoLByETJ
bilibili,BV1X6d6BkEAL,（steam喜加一） 三国志汉末霸业 v1.1.13.4070免安装中文版附游戏合集,小雪游戏资源分享,1360981224,2026-04-24,21,3,1,0,1,-1,0,2026-04-20,"三国志,我在B站做游戏,三国志汉末霸业,三国,白嫖,steam,三国志14,游戏推荐,活动",https://www.bilibili.com/video/BV1X6d6BkEAL
bilibili,BV12Tjuz4EEr,《三国志汉末霸业》免安装中文版｜内置修改器+全武将解锁｜招兵买马/逐鹿中原｜体验最真实的三国策略,pnprzt366,73434864,2026-04-24,3062,21,5,0,20,-1,0,2025-05-25,"辅助,策略游戏,三国志,新手,三国,教程攻略",https://www.bilibili.com/video/BV12Tjuz4EEr
bilibili,BV1VZ421r7d2,汉末霸业保姆级基础玩法解说,大脸猫福哥,22501449,2026-04-24,29418,306,48,0,178,-1,7,2024-02-01,"教程攻略,玩法,三国,分析,保姆级,策略游戏,推荐宝藏游戏,汉末霸业",https://www.bilibili.com/video/BV1VZ421r7d2
bilibili,BV1cwoeBuE8N,三国群英传霸王之业,戸蘇,3493127688030858,2026-04-24,134,8,0,0,0,-1,0,2026-04-23,"三国群英传霸王之业,三国群英传,三国",https://www.bilibili.com/video/BV1cwoeBuE8N
bilibili,BV1n64y1178X,一篇实战弄懂汉末霸业！从啥也不懂直接到最高难度！内政和守城是立足于乱世的基本#1基础内政和基础守城【汉末霸业：血色衣冠李渊01】,王云_,455280289,2026-04-24,56934,838,82,0,293,-1,73,2021-05-02,"必剪创作,解说,汉末霸业基础守城,教学,血色衣冠,一篇实战弄懂汉末霸业,攻略,汉末霸业基础内政,汉末霸业,打卡挑战",https://www.bilibili.com/video/BV1n64y1178X
bilibili,BV1GaobBVEHp,【骑砍2三国MOD】楚河会不会去搞貂蝉？~更新中~,楚河周刊,24754667,2026-04-24,5206,106,8,0,35,-1,3,2026-04-23,"楚河,主机游戏,骑马与砍杀,单机游戏,三国,搞笑,恐怖",https://www.bilibili.com/video/BV1GaobBVEHp
bilibili,BV19DoEBJEko,【三国群英传2】陈式龚景曹休3v15攻克平均15人城  解说版,剑心元璟,3519776,2026-04-24,357,15,3,0,2,-1,1,2026-04-24,"游戏鉴赏家,童年回忆,游戏解说,单机游戏,经典游戏,三国,新三国,实况解说,三国群英传,怀旧游戏",https://www.bilibili.com/video/BV19DoEBJEko
bilibili,BV19W411w7bG,《三国群英传7》音乐集,闲逛的风扇,34157664,2026-04-24,54336,777,219,0,1128,-1,376,2018-06-13,"ACG音乐,三国群英传7,游戏音乐,三国群英传",https://www.bilibili.com/video/BV19W411w7bG
bilibili,BV1RU4y1573w,三国群英传8貂蝉vs甄姬 单挑三百回合,自奏圣乐的灰之魔女,1589114633,2026-04-24,27275,163,20,0,96,-1,4,2021-05-19,"三国,甄姬,三国群英传,三国群英传8,貂蝉",https://www.bilibili.com/video/BV1RU4y1573w
bilibili,BV1wNoLBsEWj,三国群英传，无限内购，无限代金，一键三连,好丽友派778,3706958064389020,2026-04-24,19,5,1,0,0,-1,0,2026-04-24,"教程攻略,三国,演示",https://www.bilibili.com/video/BV1wNoLBsEWj
bilibili,BV1wNsozCEq5,从夯到拉！锐评三国群英传游戏系列！,每日游戏羊毛君,3493140681984108,2026-04-24,151586,1233,499,0,560,-1,501,2025-10-25,"游戏杂谈,游戏进化史,怀旧游戏,三国群英传,推荐宝藏游戏,三国群英传7,三国群英传8,三国群英传2,游戏推荐",https://www.bilibili.com/video/BV1wNsozCEq5
bilibili,BV1WhouBGEDc,"三国群英传o -版本 36,000 来自越南",tuanluong,3706955254205213,2026-04-24,16,2,0,0,0,-1,0,2026-04-24,"情感,娱乐,我在B站做游戏,教程攻略",https://www.bilibili.com/video/BV1WhouBGEDc
bilibili,BV1YydQBzE3x,【三国群英传：策定九州】圣火VS糖心,sy天心,8399990,2026-04-24,653,16,2,0,3,-1,1,2026-04-22,"三国群英传：策定九州,sy天心,手游情报,游戏实况,slg,教程攻略,即时战略,三国,手机游戏",https://www.bilibili.com/video/BV1YydQBzE3x
bilibili,BV1nuo4BnEyE,【三国群英传：策定九州】8级城防守,sy天心,8399990,2026-04-24,691,10,1,0,1,-1,0,2026-04-22,"策略游戏,三国群英传：策定九州,sy天心,slg,电子竞技,手机游戏,教程攻略,即时战略",https://www.bilibili.com/video/BV1nuo4BnEyE
bilibili,BV16wHezvEvF,经典再现！单机游戏《三国群英传》1-8全系列大合集！好好学习！天天向上！,小鹿の游戏宝库,256168729,2026-04-24,3609,112,54,0,75,-1,0,2025-09-11,"合集,单机游戏,童年回忆,三国群英传",https://www.bilibili.com/video/BV16wHezvEvF
bilibili,BV1Lj411Z7np,三国群英传一统天下，彻底变仙侠游戏了,三角洲坠机王,505357668,2026-04-24,7427,39,55,0,10,-1,4,2023-07-09,"三国群英传,一统天下",https://www.bilibili.com/video/BV1Lj411Z7np
bilibili,BV1a34y1k7hP,《三国群英传1》8分钟统一？？？,有机oo,1587703,2026-04-24,31453,269,155,0,58,-1,30,2022-03-04,"新人,新人向,游戏知识分享官,游戏视频,单机,自制",https://www.bilibili.com/video/BV1a34y1k7hP
bilibili,BV1Zc411u7YV,三国群英传7巫女,陈铁柱rrrrr,27323162,2026-04-24,12064,54,53,0,13,-1,1,2023-06-13,"怀旧,游戏集锦,三国,直播录像,实况解说,游戏实况,万物皆可游戏",https://www.bilibili.com/video/BV1Zc411u7YV
bilibili,BV1Gh411L7nY,《三国群英传》全系列画质变迁史！初代游戏画面是这样？,每日游戏羊毛君,3493140681984108,2026-04-24,209093,1691,290,0,699,-1,424,2023-04-30,"三国群英传7,三国群英传2,童年,三国群英传,三国群英传3,三国群英传8,童年回忆,游戏神还原,游戏推荐,游戏杂谈,万物皆可游戏",https://www.bilibili.com/video/BV1Gh411L7nY
bilibili,BV1iA9gYFEN3,三国群英传8重复无数次后终于刷出青龙召唤,粤大锅粤筷落,620746788,2026-04-24,1768,14,15,0,2,-1,0,2025-02-28,"三国群英传8,必剪创作,推荐宝藏游戏,青龙",https://www.bilibili.com/video/BV1iA9gYFEN3
bilibili,BV11ZdbBaErF,三国群英传7 安卓手机版｜经典复刻，逐鹿乱世🔥一键安装,爱玩不玩君,1228498859,2026-04-24,1402,63,24,0,57,-1,0,2026-04-16,"三国,演示,一键安装,教程攻略",https://www.bilibili.com/video/BV11ZdbBaErF
bilibili,BV1ns411F73U,【三国群英传2新手教学】操作篇,剑心元璟,3519776,2026-04-24,35461,437,36,0,370,-1,56,2018-08-27,"三国群英传,三国群英传2,三国",https://www.bilibili.com/video/BV1ns411F73U
bilibili,BV1XMddBSEaA,三国群英传策定九州国色天香美女服,大飞玩策略,488639735,2026-04-24,106,3,1,0,1,-1,0,2026-04-19,"不做牛马自由开打,策定九州,slg",https://www.bilibili.com/video/BV1XMddBSEaA
bilibili,BV184DMBvEwA,我改的三国群英传2终于出来测试版本了,笔下光年,1328002534,2026-04-24,23187,693,235,0,409,-1,38,2026-04-04,"三国,godot,三国群英传2,三国群英传,三国游戏",https://www.bilibili.com/video/BV184DMBvEwA
bilibili,BV1WA411H7YT,三国群英传8生擒小乔,萤火突击流萤,22993800,2026-04-24,162889,680,14,0,731,-1,10,2021-01-17,"三国群英传8,小乔",https://www.bilibili.com/video/BV1WA411H7YT
bilibili,BV19avTeoE1T,【三国志11 威力加强版】吕布30分钟灭刘备、陶谦  超级难度《群雄割据》剧本,玩家老金KYN,498680266,2026-04-24,94653,890,265,0,242,-1,431,2024-07-30,"演示,吕布,刘备,整点电子榨菜,教程攻略,三国志11,三国志,三国",https://www.bilibili.com/video/BV19avTeoE1T
bilibili,BV1ZG4y1W7f3,圣三国蜀汉传 历史线流程攻略,圣堂_Sanctum,5105212,2026-04-24,69076,393,344,0,442,-1,67,2022-10-08,圣三国蜀汉传,https://www.bilibili.com/video/BV1ZG4y1W7f3
bilibili,BV1PHo5B9EPF,【同人圣三国蜀汉传】（公益版）无限内购+内置GM后台菜单，任你爽，无偿免费分享速拿～,苍翼混沌效应修改器,3706969426757684,2026-04-24,33,8,12,0,7,-1,0,2026-04-24,"教程攻略,三国,原创",https://www.bilibili.com/video/BV1PHo5B9EPF
bilibili,BV1LMQ9BME2U,同人圣三国蜀汉传(公益版)魔改内置后台道具全解锁后台持续更新一键三连关注免费获取-】【】【】【,莫寒露ybu,3632299675486978,2026-04-24,1026,89,12,0,82,-1,3,2026-03-23,"教程攻略,游戏解说,三国",https://www.bilibili.com/video/BV1LMQ9BME2U
bilibili,BV1Pm6qB7Evg,同人圣三国蜀汉传（公益版）魔改内置后台道具全解锁后台持续更新免费当大佬的机会就在眼前一键三连，简介获取,满分电视人,3546887911115633,2026-04-24,2954,178,228,0,138,-1,2,2026-01-30,"三国,同人圣三国蜀汉传攻略,同人圣三国蜀汉传特权,同人圣三国蜀汉传福利,同人圣三国蜀汉传礼包,同人圣三国蜀汉传手游,同人圣三国蜀汉传,一键三连,教程攻略,后台",https://www.bilibili.com/video/BV1Pm6qB7Evg
bilibili,BV1TZYHeJEQT,圣三国蜀汉传修改器，零氪获取全物品,爱游斯坦,1573313383,2026-04-24,13156,438,1,0,280,-1,1,2024-08-08,"游戏杂谈,冒险游戏,手游,游戏,怀旧,万物皆可游戏,战棋游戏,游戏视频,手机游戏",https://www.bilibili.com/video/BV1TZYHeJEQT
bilibili,BV1kqoaBqEjE,同人圣三国蜀汉传 （无敌全道具版）武陵攻击战 刘备夺取武陵,战棋中的王者,3706971014302307,2026-04-24,133,5,0,0,0,-1,0,2026-04-23,"天火同人战棋游戏,战棋游戏,游戏解说,三国志,MOD",https://www.bilibili.com/video/BV1kqoaBqEjE
bilibili,BV1e5fZBNE4D,【同人圣三国蜀汉传】GM后台（破解） 无限内置随 便唰一建三连免费分享啦,钟莫庆余年,3546765464701028,2026-04-24,723,60,45,0,41,-1,0,2026-02-04,"同人圣三国蜀汉传,卡牌游戏,三国志,三国",https://www.bilibili.com/video/BV1e5fZBNE4D
bilibili,BV17WYmeBELi,天火同人战旗游戏无限元宝无敌版本大全，关注评论获得,河北多义士,3494363678116133,2026-04-24,7242,213,221,0,164,-1,1,2024-08-14,"历史,游戏,演示,曹操传mod,必剪创作",https://www.bilibili.com/video/BV17WYmeBELi
bilibili,BV1PUdoBGEkP,同人圣三国蜀汉传 全道具全解锁 后台持续更新 当大佬的机会就在眼前一键三连！,圣三国蜀汉传全道具,3546760530102442,2026-04-24,74,4,2,0,2,-1,0,2026-04-20,"同人圣三国蜀汉传,同人战棋游戏,三国志,三国,三国演义,教程攻略,三国志英杰传,三国志曹操传",https://www.bilibili.com/video/BV1PUdoBGEkP
bilibili,BV1qXiNebEcd,同人圣三国蜀汉传单机无限元宝豪华版，三莲关注获得,河北多义士,3494363678116133,2026-04-24,7917,287,172,0,178,-1,5,2024-08-02,"三国,无限元宝,天火同人战旗游戏,演示,怀旧,历史,原创,必剪创作,豪华版,曹操传mod",https://www.bilibili.com/video/BV1qXiNebEcd
bilibili,BV1Mw4m1C7H4,蜀汉传存档破解版分享,初音angoy,322651469,2026-04-24,8860,75,50,0,41,-1,0,2024-05-03,"游戏分享,战棋类游戏,三国,蜀汉传,曹操传mod",https://www.bilibili.com/video/BV1Mw4m1C7H4
bilibili,BV1ABoFB2EnC,豪华道具版  同人圣三国蜀汉传 （无敌版）天火同人战棋游戏 三国志曹操传Mod,同人战棋无敌找我,3546830774208783,2026-04-24,134,2,2,0,1,-1,0,2026-04-20,"单机战棋,三国志刘备传,三国志英杰传,沙盒游戏,三国演义,RPG,MOD",https://www.bilibili.com/video/BV1ABoFB2EnC
bilibili,BV1B3i7BvEHi,同人圣三国蜀汉传（公益版）魔改内置后台道具全解 锁后台持续更新一键三连 免费获取,YY婆区,3493109778352156,2026-04-24,1936,121,198,0,92,-1,4,2026-01-04,"同人圣三国蜀汉传,一键三连,教程攻略,休闲益智,三国,演示,内置",https://www.bilibili.com/video/BV1B3i7BvEHi
bilibili,BV1aEQ2B7EzW,同人圣三国蜀汉传 全道具全解锁 后台持续更新 当大佬的机会就在眼前一键三连！,圣三国蜀汉传全道具,3546760530102442,2026-04-24,532,13,17,0,11,-1,0,2026-03-25,"天火同人战棋游戏,三国志,RPG,MOD,教程攻略,三国志曹操传,三国游戏",https://www.bilibili.com/video/BV1aEQ2B7EzW
bilibili,BV1ohqFBQEBQ,同人圣三国蜀汉传最新(公益版)魔改内置后台道具全解锁后台持续更新一键三连免费获取,手游废寝者,3690993547217790,2026-04-24,5061,277,458,0,195,-1,14,2026-01-06,"童年回忆,三国志,三国,演示,同人圣三国蜀汉传,一键三连,教程攻略,后台,休闲益智,道具",https://www.bilibili.com/video/BV1ohqFBQEBQ
bilibili,BV1JNdUBzEcH,无所畏惧大佬制作的曹操传mod“圣三国蜀汉传”，第六十八关梦·东征·武昌前置剧情,加菲唔饮coffee,642285092,2026-04-24,600,9,0,0,0,-1,0,2026-04-21,"录屏,三国,曹操传mod,mod游戏,圣三国蜀汉传,记录",https://www.bilibili.com/video/BV1JNdUBzEcH
bilibili,BV15a59zwEqb,同人圣三国蜀汉传：修改器辅助开局，获胜全物品！！,伊藤十井,3546889278458544,2026-04-24,6095,158,256,0,102,-1,3,2025-04-22,"三国,圣三国蜀汉传",https://www.bilibili.com/video/BV15a59zwEqb
bilibili,BV1ASdoBrEip,三国志吕布传 全道具全解锁 后台持续更新 当大佬的机会就在眼前一键三连！,圣三国蜀汉传全道具,3546760530102442,2026-04-24,49,8,0,0,2,-1,0,2026-04-20,"同人战棋游戏,教程攻略,三国志英杰传,三国志曹操传,三国志,三国,三国演义",https://www.bilibili.com/video/BV1ASdoBrEip
bilibili,BV1n9o4BnEcT,同人圣三国蜀汉传最新(公益版)魔改内置后台 道具全解锁后台持续更新一键三连免费获取,手游废寝者,3690993547217790,2026-04-24,106,8,4,0,7,-1,1,2026-04-22,"同人圣三国蜀汉传,一键三连,教程攻略,后台,休闲益智,道具,童年回忆,三国志,三国,演示",https://www.bilibili.com/video/BV1n9o4BnEcT
bilibili,BV1PUdoBGESH,同人圣三国蜀汉传 全道具全解锁 后台持续更新 当大佬的机会就在眼前一键三连！,圣三国蜀汉传全道具,3546760530102442,2026-04-24,57,7,3,0,2,-1,0,2026-04-20,"策略游戏,战棋游戏,同人圣三国蜀汉传,一键三连,三国志英杰传,活动,三国演义",https://www.bilibili.com/video/BV1PUdoBGESH
bilibili,BV1KW411w7Wc,【策马三国志】零氪党从黄巾起义到曹操崛起4关通关视频,战国夜,335280884,2026-04-24,2172,10,2,0,12,-1,0,2018-06-11,三国,https://www.bilibili.com/video/BV1KW411w7Wc
bilibili,BV1hZy9BEEu9,《策马三国志》“神将集结”版发布！开局全武将、突破资源无限供应,撒打发的说法是苟富贵,3632315951483523,2026-04-24,196,7,10,0,3,-1,0,2025-11-02,"三国,策马三国志,游戏杂谈,资源,手游情报",https://www.bilibili.com/video/BV1hZy9BEEu9
bilibili,BV1BPe1eqEvb,策马三国志 科技辅助无敌秒免root使用攻略,账号已注销,3494357751565083,2026-04-24,266,0,2,0,0,-1,0,2024-07-24,策马三国志,https://www.bilibili.com/video/BV1BPe1eqEvb
bilibili,BV15f4y1s7NX,策马三国志无限自动刷曹操宝箱和各种箱子,智障机器人o,1603024205,2026-04-24,2722,14,10,0,4,-1,0,2021-04-09,策马三国志,https://www.bilibili.com/video/BV15f4y1s7NX
bilibili,BV1RL4y1h7rd,三国志猛将传单机游戏,北漂胖哥单机游戏怀旧,206948261,2026-04-24,8183,15,13,0,8,-1,3,2021-09-11,"游戏知识分享官,游戏知识,三国志,游戏集锦,经典游戏,攻略,游戏视频,打卡挑战",https://www.bilibili.com/video/BV1RL4y1h7rd
bilibili,BV1zQoVB5ExC,【三国志幻想大陆】紫苑破阵70万阵容解析，明天开马良直接起飞,九龙王yu,696183659,2026-04-24,3087,45,100,0,17,-1,0,2026-04-24,"新魂将,三幻,三国志幻想大陆,测评,必剪创作,阵容攻略,新手攻略,活动",https://www.bilibili.com/video/BV1zQoVB5ExC
bilibili,BV1a54y197xx,三国志5PSP版 三国鼎立刘备 游戏闲聊解说 聊三国 聊人物 聊三国地理,猫猫虎26,39616394,2026-04-24,41283,438,130,0,323,-1,203,2020-04-22,"童年回忆,三国志,单机游戏,三国演义,MD游戏,流程视频,游戏解说,PSP游戏,PS游戏,三国志5",https://www.bilibili.com/video/BV1a54y197xx
bilibili,BV1hu4m1c7Z6,小众游戏《策马三国志》鹰卫的变强之路，射手套,黄牌藏今_bili,424799197,2026-04-24,894,9,4,0,4,-1,0,2024-02-29,"游戏,变强之路,游戏推荐,三国志,策马三国志,三国,妙用,教程攻略",https://www.bilibili.com/video/BV1hu4m1c7Z6
bilibili,BV1TW411P7Vs,【策马三国志】零氪党前六关通关攻略,战国夜,335280884,2026-04-24,1266,6,0,0,1,-1,0,2018-06-08,"三国,手机游戏",https://www.bilibili.com/video/BV1TW411P7Vs
bilibili,BV1UE411f7vx,阿秋游戏评测——策马三国志（英雄无敌类）,宅男阿秋,28240801,2026-04-24,1007,6,1,0,0,-1,0,2019-10-10,"手游,策马三国志,游戏解说,手机游戏,英雄无敌,测评",https://www.bilibili.com/video/BV1UE411f7vx
bilibili,BV1sfksYZEx9,【皮肤鉴赏】策马驱前*界程普（史诗）,辉弥天野,159141914,2026-04-24,1356,18,2,0,0,-1,0,2024-12-21,"界程普,三国杀OL,史诗,桌游棋牌,皮肤,策马驱前,三国杀,程普,新皮肤,皮肤鉴赏",https://www.bilibili.com/video/BV1sfksYZEx9
bilibili,BV1Fm4y1Y7tv,三国版的英雄无敌，Xinline Games出品：真战棋！真策略！可竞技的深度战棋RPG《策马三国志》,畅游网络官方运营,1496111711,2026-04-24,87,0,1,0,0,-1,0,2023-06-29,"必剪创作,游戏",https://www.bilibili.com/video/BV1Fm4y1Y7tv
bilibili,BV1npogBqEV6,三国志战棋版pk12即将开启-&gt;4.23更新解读！,鬼鬼酱喔,402561399,2026-04-24,596,13,4,0,1,-1,1,2026-04-24,"三国志战棋版,手游情报,三国志战略版,三国志,三国,赵云,PK,二次元,直播录像,吕布",https://www.bilibili.com/video/BV1npogBqEV6
bilibili,BV1wRdoBMEkW,【三国志幻想大陆】奇境之旅白嫖魂将到马超，氪金细节及商店兑换建议,九龙王yu,696183659,2026-04-24,5345,70,40,0,7,-1,0,2026-04-19,"三幻,三国志幻想大陆,测评,必剪创作,魂将,新手攻略,爆料,活动",https://www.bilibili.com/video/BV1wRdoBMEkW
bilibili,BV1g8Y3eZEB4,国产三国版英雄无敌-策马三国志,鸿狼仙王殿公会工作室,1560143182,2026-04-24,488,4,0,0,1,-1,0,2024-08-10,"三国,战棋类,寻找最好玩的游戏,英雄无敌,三国志,游戏实况",https://www.bilibili.com/video/BV1g8Y3eZEB4
bilibili,BV1Tac4zgECz,0.1春色三国志侵略版蜜桃三国战姬权欲三国桃色三国礼包码开局无双将自选,小乔怎么哭啦,3546868875266977,2026-04-24,1678,95,198,0,79,-1,1,2026-02-11,"春色三国,桃色三国,六龙欲天,蜜桃三国,三国志侵略版,权欲三国,梦欲三国,放置三国,铁杆三国,三国战姬",https://www.bilibili.com/video/BV1Tac4zgECz
bilibili,BV1vL411X76Z,策马三国志—美人计,无极半生,433907915,2026-04-24,294,4,2,0,0,-1,0,2023-03-30,"美女,三国",https://www.bilibili.com/video/BV1vL411X76Z
bilibili,BV1XU4y1v7px,《策马三国志》看关羽一刀一个小朋友。其实三国里面我还是最喜欢赵云和诸葛亮！,半仙别熬夜,515854111,2026-04-24,679,8,2,0,1,-1,0,2022-08-01,"三国,游戏知识分享官,策马三国志,关羽,三国志,诸葛亮,教程攻略,必剪创作,游戏实况,赵云",https://www.bilibili.com/video/BV1XU4y1v7px
bilibili,BV1rX4y1Q7UX,策马疾如电，溃敌一瞬间！,摸摸ももmore,426655297,2026-04-24,134,2,1,0,0,-1,0,2023-02-28,"三国杀,癫狂屠戮,斗地主,三国杀移动版,星徐晃,sp貂蝉,曹休",https://www.bilibili.com/video/BV1rX4y1Q7UX
bilibili,BV1upd5BFEdy,三国天下归心 夜袭敌营PVP玩法攻略,若夏夏,2434059,2026-04-24,196,0,3,0,1,-1,0,2026-04-17,"三国:天下归心公测创作者召集令,教程攻略,技巧,三国",https://www.bilibili.com/video/BV1upd5BFEdy
bilibili,BV1ux411o7eN,3分钟看游戏：《九州劫》,游民星空官方,11233223,2026-04-24,13774,433,55,0,24,-1,30,2019-06-24,"手游,九州劫,手机游戏",https://www.bilibili.com/video/BV1ux411o7eN
bilibili,BV1ysWbzwEy9,九州新手必看保姆级教学手把手看完就学会,SLG喜宝和泥萌,36234378,2026-04-24,3224,18,6,0,29,-1,2,2025-10-18,"新手,教程攻略,九州,保姆级教学",https://www.bilibili.com/video/BV1ysWbzwEy9
bilibili,BV1kwdrBtEwE,首发慷慨弓可行吗？九州兵兴甘宁调整前瞻，看完再决定,轻逝年华,471300525,2026-04-24,1607,10,5,0,2,-1,4,2026-04-20,"手游情报,三战创作者计划,三国志战略版",https://www.bilibili.com/video/BV1kwdrBtEwE
bilibili,BV1A7ywBRE8X,网络热门残局，双炮镇九州，也不过如此啊,莫愁游戏,648082705,2026-04-24,5743,36,6,0,2,-1,1,2025-11-20,"桌游棋牌,中国象棋,象棋残局,象棋,象棋高手,推荐宝藏游戏",https://www.bilibili.com/video/BV1A7ywBRE8X
bilibili,BV1Yy4y1c7EE,九州世界,Thirty三十丶,22049492,2026-04-24,1941,9,1,0,1,-1,0,2023-11-02,"分享游戏故事,整点电子榨菜第七期,ai绘画,手游,slg,策略",https://www.bilibili.com/video/BV1Yy4y1c7EE
bilibili,BV1mK5hzSEvo,九州世界修改器,bili_12928012181,3546866312546674,2026-04-24,808,9,9,0,1,-1,0,2025-04-17,"动作游戏,MMORPG,武侠",https://www.bilibili.com/video/BV1mK5hzSEvo
bilibili,BV1Vwo5BqEWg,九州攻城防官服重磅首发，传奇关羽征战沙场！,策定九州攻城掠地,1765152465,2026-04-24,66,3,0,0,0,-1,0,2026-04-24,"手游情报,直播录像,率土之滨,攻城掠地,攻城,九州,传奇,三国",https://www.bilibili.com/video/BV1Vwo5BqEWg
bilibili,BV1V4QtBFEbU,九州兵兴最强五队共存曝光！满红大佬看完都说真香！太狠了！,大恐龙工作室,1673658266,2026-04-24,3369,18,1,0,44,-1,0,2026-04-13,"九州兵兴,治军战法,三国,原创,五队共存,三国志战略版,三战",https://www.bilibili.com/video/BV1V4QtBFEbU
bilibili,BV1L4411o7Kv,九州劫7万银招募令能出什么,孤注一掷的四方,5864539,2026-04-24,1850,6,7,0,0,-1,1,2019-08-18,"萌新UP报到,手机游戏",https://www.bilibili.com/video/BV1L4411o7Kv
bilibili,BV1iL4y1h7GX,九州劫,姑姑486,76419635,2026-04-24,936,8,2,0,2,-1,0,2021-09-05,打卡挑战,https://www.bilibili.com/video/BV1iL4y1h7GX
bilibili,BV1U14y1u7p6,神似鬼谷八荒的安卓游戏，基础功能斩杀,怀真の奇妙冒险,1064509963,2026-04-24,54184,506,71,0,237,-1,24,2023-01-11,"沙盒,鬼谷八荒,taptap,武义九州,存档2022，开拍2023,推荐宝藏游戏,武侠,必剪创作",https://www.bilibili.com/video/BV1U14y1u7p6
bilibili,BV16ToVB5E56,91-半世清修半世劫,悦悦故事,3546862451690030,2026-04-24,118,1,1,0,0,-1,0,2026-04-24,"影视剪辑,短片,原创",https://www.bilibili.com/video/BV16ToVB5E56
bilibili,BV1VMoTBnEfh,【九州兵兴】第2天，带大家看看新剧本的历练和事件玩法，如何获得治军战法，又怎么上阵，还有哪些重点注意事项。,晓-事,497796169,2026-04-24,955,6,2,0,1,-1,0,2026-04-20,必剪创作,https://www.bilibili.com/video/BV1VMoTBnEfh
bilibili,BV16T421k7L7,【MOD推荐】骖六龙行御九州，行四海路下八邦；征伐三国就在《三国群英赋-泰平劫》,骑马与砍杀中文站,193406026,2026-04-24,45448,785,69,0,180,-1,122,2024-08-17,"策略游戏,steam游戏,MOD,你管这叫骑马与砍杀？,游戏,骑马与砍杀,战争,三国,单机游戏",https://www.bilibili.com/video/BV16T421k7L7
bilibili,BV1hiPYzrEmq,《九州修仙录》可以自由交易、组队、副本的放置游戏,快笔小心,10076821,2026-04-24,2574,34,9,0,67,-1,1,2026-03-07,"游戏,修仙游戏,放置游戏,上班摸鱼",https://www.bilibili.com/video/BV1hiPYzrEmq
bilibili,BV1Gwo5BqE7E,九州攻城防官服重磅首发，传奇关羽征战沙场！,久诚网络科技,3706966717237518,2026-04-24,15,7,2,0,0,-1,1,2026-04-24,"攻城掠地、,手游情报,率土之滨,攻城,九州,武侠,三国,传奇,关羽",https://www.bilibili.com/video/BV1Gwo5BqE7E
bilibili,BV1ovdQB1Eas,长河劫将在五月一号强势返场,囈憶,3546903306307687,2026-04-24,8496,277,21,0,49,-1,0,2026-04-21,"长河劫二创,长河劫",https://www.bilibili.com/video/BV1ovdQB1Eas
bilibili,BV13roYBXELN,九劫焚天剧场版新PV 柳神八入异域 修复天渊断绝万世祸根,风华绝代祖祭灵,55901885,2026-04-24,3627,64,39,0,42,-1,9,2026-04-23,"剧场版,国产动画,预告,九劫焚天,柳神,荒天帝,石昊,完美世界,异域",https://www.bilibili.com/video/BV13roYBXELN
bilibili,BV198411a7ND,中国以前叫做九州，说的是哪9个州，现在还有哪些州的地名存在？,史家霸唱,1724627692,2026-04-24,191837,1961,320,0,700,-1,328,2022-10-28,"九州,一言九鼎,大禹,九鼎,幽州,洪水,荆州",https://www.bilibili.com/video/BV198411a7ND
bilibili,BV1C5FKzTEpn,免费公益服（九州异兽录/山海经幻想录）卡牌回合，送一亿代金券,老七手游,3546883813280165,2026-04-24,12977,531,509,0,409,-1,9,2026-02-02,"生活记录,记录,学习",https://www.bilibili.com/video/BV1C5FKzTEpn
bilibili,BV1iw4m1a7ag,“俱往矣，数风流人物，还看今朝！”,吾本布衣cut,291651215,2026-04-24,221101,25336,160,0,5540,-1,781,2024-07-09,"成吉思汗,唐宗宋祖,伟人,古田军号,秦皇汉武,人民万岁,沁园春雪,同志,教员,历史",https://www.bilibili.com/video/BV1iw4m1a7ag
bilibili,BV1xh4y1Q7Jd,秦皇汉武最强阵容推荐,DY_若语,243010094,2026-04-24,21189,62,36,0,14,-1,6,2023-08-12,"秦皇汉武,阵容,推荐,最强阵容",https://www.bilibili.com/video/BV1xh4y1Q7Jd
bilibili,BV1kZdmB5EGg,秦皇汉武～无限代金～无限内购～无限资源～速来,小姐姐打扮打扮记得,3706954702653479,2026-04-24,21,4,2,0,1,-1,0,2026-04-21,"教程攻略,氪金,演示",https://www.bilibili.com/video/BV1kZdmB5EGg
bilibili,BV1KASbBmEC4,秦皇汉武（无限资源），第一天就可以霸区，代金券畅心所买原端，想要的个签自取，一键三连,金烨撼霄,3632318916856063,2026-04-24,350,16,24,0,12,-1,0,2025-12-03,"秦皇汉武,一键三连",https://www.bilibili.com/video/BV1KASbBmEC4
bilibili,BV1WCAnzsEbb,秦皇汉武（公益版）魔改内置后台道具全解锁后 台持续更新免费当大佬的机会就在眼前一键三连，无偿分享,画画雪宝,3691011928754352,2026-04-24,233,9,7,0,7,-1,0,2026-03-20,"整活,秦皇汉武,演示,教程攻略,机会,后台,大佬,道具",https://www.bilibili.com/video/BV1WCAnzsEbb
bilibili,BV168vWBXEa1,艳阳天秦皇汉武炮打花，有点东西但不多,卐-137,3493288516520395,2026-04-24,1109,23,12,0,4,-1,0,2025-12-29,"炮打花,烟花,焰火",https://www.bilibili.com/video/BV168vWBXEa1
bilibili,BV1hvidBYEoL,秦皇汉武GM后台（破解） 无限内置随 便唰一建三连免费分享啦,一条脆骨,3632313409735298,2026-04-24,85,8,9,0,6,-1,0,2026-01-08,"外挂,三国志,教程攻略",https://www.bilibili.com/video/BV1hvidBYEoL
bilibili,BV1924y1j7qa,秦皇汉武，略输文采？,DEIRDRE_MAKI,524170714,2026-04-24,60617,2136,91,0,953,-1,10,2023-03-25,无悔华夏,https://www.bilibili.com/video/BV1924y1j7qa
bilibili,BV1Sm4y1M7U3,秦皇汉武最强阵容之秦皇减伤盾，强到没边,DY_若语,243010094,2026-04-24,10185,62,12,0,30,-1,3,2023-08-22,"策略游戏,三国",https://www.bilibili.com/video/BV1Sm4y1M7U3
bilibili,BV1bdmiBqEmC,“惜秦皇汉武，略输文采；唐宗宋祖，稍逊风骚。一代天骄，成吉思汗，只识弯弓射大雕！”,这就是瓜,1857710360,2026-04-24,1277,21,1,0,14,-1,1,2025-12-14,"中国,爱国,红色,历史,军事,影视神仙剪刀手",https://www.bilibili.com/video/BV1bdmiBqEmC
bilibili,BV1tC41187go,秦皇汉武萌新必看攻略,冷艳继母美女,3546640698837684,2026-04-24,4336,20,4,0,9,-1,0,2024-03-22,"必看,萌新必看,教程攻略,休闲益智,攻略,新手",https://www.bilibili.com/video/BV1tC41187go
bilibili,BV1ShkmBREpN,秦皇汉武 自选100抽,巾州三弟2022,1405851446,2026-04-24,260,2,3,0,1,-1,0,2025-11-12,"秦皇汉武,策略游戏,策略经营,必剪创作,slg,抽卡,手游",https://www.bilibili.com/video/BV1ShkmBREpN
bilibili,BV1c14y1q75d,秦皇汉武0氪爆杀满红氪金大佬,夜行书生真,3537108218153601,2026-04-24,4380,10,6,0,1,-1,2,2023-08-09,秦皇汉武,https://www.bilibili.com/video/BV1c14y1q75d
bilibili,BV1fgHfzKE56,今天秦皇汉武开喷，测评看看是不是垃圾游戏，水墨历史策略国战，此视频不带任何针对性，#手游喷子  #秦皇汉武测评折扣  #手游打折推荐  #秦皇汉武打折特权礼包兑,手游喷子,3546639740439335,2026-04-24,2130,14,10,0,3,-1,2,2025-09-14,"游戏测评,特权,视频",https://www.bilibili.com/video/BV1fgHfzKE56
bilibili,BV1MTB8YNEf8,“惜秦皇汉武，略输文采，唐宗宋祖，稍逊风稍，俱往矣，数风流人物还看今朝”,泽蒂斯-,3546366435395689,2026-04-24,4723,131,5,0,107,-1,0,2024-11-25,"中国,教员,唐朝,历史",https://www.bilibili.com/video/BV1MTB8YNEf8
bilibili,BV18k7Qz4ENe,功盖秦皇汉武 文挫李白杜甫,jjvfhzjsu,2129521730,2026-04-24,422977,49248,100,0,12072,-1,0,2025-06-03,"人物,诗词,人文,历史,教员",https://www.bilibili.com/video/BV18k7Qz4ENe
bilibili,BV1hdSDBDEWD,记忆深处强大的匈奴身影越来越模糊,衣冠不南渡_軒,3546922121956186,2026-04-24,23481,595,81,0,76,-1,0,2026-04-05,无悔华夏两周年,https://www.bilibili.com/video/BV1hdSDBDEWD
bilibili,BV1DFm8BDEES,【秦皇汉武】后台福利滋源(破解) 无限内置，随便 唰一建三连免费分享啦,大桂人心,3546783766546957,2026-04-24,159,20,26,0,18,-1,1,2025-12-11,"教程攻略,秦皇汉武,休闲益智,秦皇汉武攻略,后台,秦皇汉武手游",https://www.bilibili.com/video/BV1DFm8BDEES
bilibili,BV1gWS3BgELH,秦皇汉武（bt）魔改内置后台道具全解锁后台持续更新免费当大佬的机会就在眼前一键三连，简介获取,房东的猫life,3632318759570346,2026-04-24,90,6,6,0,3,-1,0,2025-11-28,"秦皇汉武,一键三连,演示",https://www.bilibili.com/video/BV1gWS3BgELH
bilibili,BV184411M7aE,【完结】【全面战争三国】从零开始丨硬核实况全流程,Dell小明,18468104,2026-04-24,6786267,88470,3372,0,62393,-1,104231,2019-06-06,"三国演义,Total War,Three Kingdoms,三国,蜀国,三国志,Dell小明,策略游戏,曹操,全战三国",https://www.bilibili.com/video/BV184411M7aE
bilibili,BV1P6nrzfEGR,沙盘战争：三国基础讲解以及刘备的开局,中三骚年,501986513,2026-04-24,11311,70,31,0,40,-1,7,2025-09-30,"三国,游戏教程,教程攻略",https://www.bilibili.com/video/BV1P6nrzfEGR
bilibili,BV16o4y1R76f,【整理】全面战争：三国最全中文CG宣传片,殺娃,397734922,2026-04-24,162552,2465,154,0,2380,-1,639,2021-01-25,"全面战争三国,全面战争,宣传片,全战,全战三国,游戏视频,CG",https://www.bilibili.com/video/BV16o4y1R76f
bilibili,BV1fE411o7su,【蛋疼】从零开始玩全战，战锤全面战争新手教学,小蛋疼君,804755,2026-04-24,1252868,34237,1194,0,24896,-1,8534,2019-10-11,"教程,新手,战锤,教学,全面战争战锤2,小蛋疼君,攻略,战锤全面战争2,全战,全面战争",https://www.bilibili.com/video/BV1fE411o7su
bilibili,BV1s7wwziEVD,衣谷三国1.3.61士兵升级线路改变,玉川啊,3461562381634148,2026-04-24,7721,45,63,0,17,-1,3,2026-03-12,"教程攻略,骑马与砍杀,游戏实况,三国,演示",https://www.bilibili.com/video/BV1s7wwziEVD
bilibili,BV16dC3Y7ESF,一款没有三国时代的三国游戏：《全面战争：三国》如何从一鸣惊人走向艰难决定？,缪尚咖啡馆,1288996695,2026-04-24,979553,24570,3705,0,5496,-1,3864,2024-12-23,"单机游戏,全面战争三国,全战三国,游戏杂谈,搞笑,CA,娱乐,三国,策略游戏,全面战争",https://www.bilibili.com/video/BV16dC3Y7ESF
bilibili,BV15W4y1F7Jf,微电影剪辑——全战三国系列,时光薄凉之谦瑶,26793790,2026-04-24,29463,521,66,0,169,-1,43,2024-01-21,"全面战争,全面战争三国,单机游戏,微电影,剪辑,全战三国,三国,全战",https://www.bilibili.com/video/BV15W4y1F7Jf
bilibili,BV1c5vBBcELk,甄姬在长坂坡追击赵云-ai甄姬闯三国 [Sora2],Kuroshioabedo,3632318212213540,2026-04-24,111761,4448,184,0,4892,-1,92,2025-12-28,"三国,Sora2,三国演义,赵云,ai,战败,女神,三国无双,美女,甄姬",https://www.bilibili.com/video/BV1c5vBBcELk
bilibili,BV1BY4mzJEWS,《全战三国》经济建筑学：从破产到富可敌国，终极经济建筑规划指南！,奶油小钢炮,97875639,2026-04-24,119528,2108,512,0,2529,-1,246,2025-10-14,"建筑,武将,经济,公孙瓒,三国,攻略,全面战争,整点电子榨菜,策略游戏,双传奇",https://www.bilibili.com/video/BV1BY4mzJEWS
bilibili,BV1vE411D73Q,全战：三国 阵型小讲堂  混合射击  长矛盾墙,白色死神s,171815144,2026-04-24,7467,81,4,0,25,-1,5,2019-10-05,"单机联机,全面战争：三国",https://www.bilibili.com/video/BV1vE411D73Q
bilibili,BV1K4411s79s,斗鱼阿飞直播   全战三国大合集  起义！自立！无敌！,刺杀拖拉机厂长,8415204,2026-04-24,56886,463,33,0,442,-1,820,2019-05-25,"斗鱼直播,直播录像,主机游戏,攻略,单机联机,单机,环世界,斗鱼,实况解说,阿飞",https://www.bilibili.com/video/BV1K4411s79s
bilibili,BV1z4411T7Pg,【全面战争:三国】皇叔失败cg,面馅包子就花卷,22884960,2026-04-24,115705,444,162,0,142,-1,75,2019-06-09,"三国全面战争,单机联机,全面战争,三国,大汉昭烈皇帝,三国演义",https://www.bilibili.com/video/BV1z4411T7Pg
bilibili,BV11Y41137QX,【三国全战】堵住出口后，万箭齐发！,愣头毅LTY,48600159,2026-04-24,137544,561,85,0,115,-1,104,2022-03-17,"必剪创作,新人,打卡挑战,三国,三国全面战争,单机联机,娱乐",https://www.bilibili.com/video/BV11Y41137QX
bilibili,BV1kv4y1K7Do,全战三国。死士的这个打斗惊到我了。画面纯属游戏。禁止模仿,还是你在相,2089944903,2026-04-24,258735,5256,468,0,868,-1,88,2022-05-05,"全战,沙雕,打斗,全战三国",https://www.bilibili.com/video/BV1kv4y1K7Do
bilibili,BV1He4y1E7rP,全战三国 一分钟拿下神龟虽寿成就,财神紫苑,21208175,2026-04-24,2534,61,5,0,19,-1,0,2022-10-09,"全面战争,全战三国,必剪创作,成就",https://www.bilibili.com/video/BV1He4y1E7rP
bilibili,BV1EE411K7ys,全战三国——冲锋就是真理！金戈铁马征四方  白马义从踏平川！,RAinLiiiang,353300557,2026-04-24,469647,1301,131,0,271,-1,32,2020-03-12,"三国全面战争,TOTALWAR,骑兵冲锋,游戏集锦",https://www.bilibili.com/video/BV1EE411K7ys
bilibili,BV1u4411w7LW,【四】用《老三国》的方式打开全战曹操宣传片,红毛爱蓝毛,89931584,2026-04-24,61071,1454,177,0,895,-1,172,2019-07-07,"三国·全面战争,官渡之战,THREE KINGDOMS,曹操,三国演义,GMV,混剪,三国,全战三国,Total War,赤壁之战,燃向",https://www.bilibili.com/video/BV1u4411w7LW
bilibili,BV1aWi7B4EwB,【全战三国】2026年最专业新手教学：如何配兵,全战三国扯淡哥,332813615,2026-04-24,69451,780,505,0,683,-1,53,2026-01-04,"整点电子榨菜,扯淡哥,全面战争三国,全战三国,新手教学",https://www.bilibili.com/video/BV1aWi7B4EwB
bilibili,BV12W411372b,三国全面战争1.9C吕布速推曹操第一期,枫叶还好,52757573,2026-04-24,22673,219,83,0,78,-1,120,2018-05-03,"单机游戏,攻略",https://www.bilibili.com/video/BV12W411372b
bilibili,BV1f8XdB9Ei3,《三国志：王道天下》隔壁最大的对手来了，隔壁连夜加强老武将,马超战张辽,3706956919343941,2026-04-24,15064,647,9,0,21,-1,2,2026-03-30,"三国志：王道天下,slg,三国志",https://www.bilibili.com/video/BV1f8XdB9Ei3
bilibili,BV1gd4y1Y7yN,三国志（精读）,听历史FM,3461574423480597,2026-04-24,568161,8325,461,0,18933,-1,1063,2022-12-18,"人文,历史,三国志,有声,文学",https://www.bilibili.com/video/BV1gd4y1Y7yN
bilibili,BV1cP7rzCEb6,特朗普：中，俄，我，三国志,SHUTIAO1111,1454105791,2026-04-24,3635,41,4,0,17,-1,0,2025-06-01,"俄罗斯,苏联,原创,绝区零UP主激励计划,记录,绝区零UP主激励计划1.7,搞笑,生活记录,特朗普,学习心得,美国",https://www.bilibili.com/video/BV1cP7rzCEb6
bilibili,BV148o3BDEfR,《三国志幻想大陆》宫墙夜话前三天攻略,三幻小代,290157,2026-04-24,5324,97,109,0,36,-1,2,2026-04-24,"宫墙夜话,凤仪王元姬,魂王元姬,幻想服,三幻,三国志幻想大陆",https://www.bilibili.com/video/BV148o3BDEfR
bilibili,BV1pTHEeqEdb,三舍、众臻、我，三国志。,豌豆周虞萱公主,1309893255,2026-04-24,4735,54,21,0,20,-1,0,2024-08-30,"说的道理,大石碎胸口,众臻食品,鉴证英雄,官号,三舍化工,电棍",https://www.bilibili.com/video/BV1pTHEeqEdb
bilibili,BV16yttzPEsa,古麦我，三国志,护迷军统领,3546926402243170,2026-04-24,6583,65,55,0,39,-1,8,2025-08-09,"搞笑,像素风,娱乐,沙盒游戏,反MC,我的世界,迷你世界",https://www.bilibili.com/video/BV16yttzPEsa
bilibili,BV15co5BMEyL,三国志11PK 英雄集结『零陵-刘度』势力武将全身造型,讲鹿儿,2066258766,2026-04-24,506,7,6,0,2,-1,0,2026-04-24,"三国志11PK2,三国志11英雄集结,游戏集锦,三国志11,邢道荣,三国志,三国",https://www.bilibili.com/video/BV15co5BMEyL
bilibili,BV17Do3BTEYJ,【三国志幻想大陆】宫墙夜话前三章全攻略，破阵阵容保姆级细节,九龙王yu,696183659,2026-04-24,9342,146,163,0,62,-1,2,2026-04-24,"三幻,三国志幻想大陆,必剪创作,阵容攻略,新手攻略,测评,王元姬,活动",https://www.bilibili.com/video/BV17Do3BTEYJ
bilibili,BV14N411v77r,《三国志》全系列画质变迁史！从三国志1到三国志14的变化？,每日游戏羊毛君,3493140681984108,2026-04-24,294353,4189,818,0,1912,-1,2184,2023-09-03,"三国志14,游戏杂谈,怀旧游戏,三国志,游戏进化史,光荣游戏,三国志11,三国志13,单机游戏,整点电子榨菜",https://www.bilibili.com/video/BV14N411v77r
bilibili,BV1faojB9Ebz,异环任务拍卖舌战剧情，很明显用的是三国志11的,达佛Q,38486625,2026-04-24,135,3,0,0,0,-1,0,2026-04-24,"异环公测创作激励,异环,剧情,三国志,三国",https://www.bilibili.com/video/BV1faojB9Ebz
bilibili,BV1m94y1f7tb,少年三国志，看一下全服第一大佬的对决,懒惰的景元元,40965744,2026-04-24,160649,990,333,0,137,-1,40,2022-03-27,"打卡挑战,游戏轻教学,少年三国志,必剪创作",https://www.bilibili.com/video/BV1m94y1f7tb
bilibili,BV15FojB2EZh,童年阴影还是策略巅峰？回味PS1上的《三国志》全系列，曹老板：还是当年的味儿！,怀旧游戏档案馆a,3493122524842303,2026-04-24,247,3,1,0,0,-1,1,2026-04-24,"游戏集锦,游戏杂谈,三国志,我在B站做游戏,PS1,怀旧游戏",https://www.bilibili.com/video/BV15FojB2EZh
bilibili,BV1NLo5BZERZ,三国志王道天下，封测总结，未来可期！,沧海老帅哥,3546795575609445,2026-04-24,67,7,0,0,1,-1,0,2026-04-24,"三国志,必剪创作,王道天下",https://www.bilibili.com/video/BV1NLo5BZERZ
bilibili,BV1Eo4y1S7Pv,【4K】三国志14汉室复兴计（已完结）（合集）,跛腿骑士,23546697,2026-04-24,1270853,18517,1077,0,10649,-1,13785,2021-08-07,"三国,三国演义,三国志14,三国志,单机,游戏视频,4K,三国志14威力加强版,游戏知识分享官,单机联机",https://www.bilibili.com/video/BV1Eo4y1S7Pv
bilibili,BV1MA411p7kf,三国志,thrasherlzp,84048105,2026-04-24,22,22,0,0,0,-1,0,2021-01-23,"必剪创作,三国悬赏招募令,打卡挑战",https://www.bilibili.com/video/BV1MA411p7kf
bilibili,BV15Ud2BaEUJ,50分钟读三国志！,睡前讀一本書,1305027806,2026-04-24,551,4,2,0,7,-1,0,2026-04-21,"底层逻辑,读书,三国志,三国,人物,历史",https://www.bilibili.com/video/BV15Ud2BaEUJ
bilibili,BV1NgwrzyEPW,横山光辉三国志继百度百科被删后，B站动画合集也被删了,我叫季汉英杰,1762236574,2026-04-24,3990,23,0,0,11,-1,0,2026-03-19,"动画种草激励计划,动画合集,横山光辉三国志,三国,三国演义,动漫,动画",https://www.bilibili.com/video/BV1NgwrzyEPW
bilibili,BV18v411s7uX,三国志,bili_372509233,372509233,2026-04-24,21,9,0,0,0,-1,0,2021-01-26,"三国志,三国演义,三国悬赏招募令,打卡挑战,必剪创作",https://www.bilibili.com/video/BV18v411s7uX
bilibili,BV1fvojBQE27,三国SLG手游强推，策略养成无氪畅玩,slg大弟子,3546981349723072,2026-04-24,0,0,0,0,0,-1,0,2026-04-24,"九州劫畅玩服,手游,九州劫,三国slg,不肝不氪,slg,策略游戏,游戏推荐,策略",https://www.bilibili.com/video/BV1fvojBQE27
bilibili,BV1bWrZB7Ekr,【从夯到拉】盘点9款SLG绅游，哪款是你的菜😋,谜姬国潮玩物社,3546903646047131,2026-04-24,400517,3546,672,0,6855,-1,283,2026-01-17,"黄油,SLG,从夯到拉,推荐宝藏游戏,绅游,教程攻略,游戏推荐",https://www.bilibili.com/video/BV1bWrZB7Ekr
bilibili,BV1GuFNzQEo2,【从夯到拉】盘点9款绅游，SLG、RPG、3D、旮旯给木多个类型,谜姬国潮玩物社,3546903646047131,2026-04-24,658649,7251,1119,0,13388,-1,603,2026-02-03,"希尔薇,黄油,SLG,RPG,从夯到拉,夏色四叶草,旮旯给木,绅游,游戏推荐",https://www.bilibili.com/video/BV1GuFNzQEo2
bilibili,BV1gqdmBfEzb,准备干倒特工的亚洲风SLG新作：《异世界酱》 #亚洲风SLG,正淳游戏解说,3690973576038743,2026-04-24,1159,28,8,0,34,-1,1,2026-04-21,"热门游戏推荐,游戏单机,热门游戏,游戏推荐,单机,游戏",https://www.bilibili.com/video/BV1gqdmBfEzb
bilibili,BV1UmuRz3Ehq,谁是最强沙盒SLG? #单机游戏 #单机游戏推荐 #沙盒游戏 #沙盒SLG #游戏,大理镇女王段正淳701,3546822154914170,2026-04-24,121111,996,613,0,2239,-1,12,2025-07-19,"游戏推荐,游戏单机,热门游戏推荐,单机游戏,热门游戏,游戏,推荐游戏,沙盒游戏",https://www.bilibili.com/video/BV1UmuRz3Ehq
bilibili,BV1yG411W7y4,【极品三国】这是你们要的吗,-飞雪-,532857651,2026-04-24,65370,645,21,0,1202,-1,7,2022-07-07,"推荐宝藏游戏,游戏万事屋,小姐姐,极品,换装,女仆装,三国",https://www.bilibili.com/video/BV1yG411W7y4
bilibili,BV1o6ojBEEz9,2026策略SLG手游前三名推荐,SLG游戏小天才,3493280253741967,2026-04-24,1,0,0,0,0,-1,0,2026-04-24,"策略游戏,排行榜,九州劫畅玩服,九州劫,三国slg,slg手游,不肝不氪,slg,游戏推荐,策略",https://www.bilibili.com/video/BV1o6ojBEEz9
bilibili,BV1dhUPBtEuG,谁是最强沙盒SLG?高自由度SLG+RPG+HTML+QSP综合评比 #单机游戏 #单机游戏推荐 #沙盒游戏 #沙盒SLG #游戏,正淳游戏解说,3690973576038743,2026-04-24,17308,204,14,0,410,-1,1,2025-11-23,"游戏推荐,高自由度,热门游戏推荐,RPG,单机游戏,沙盒游戏,游戏,单机,游戏单机,slg游戏",https://www.bilibili.com/video/BV1dhUPBtEuG
bilibili,BV1UroMB1EXp,策略游戏推荐2026排行榜前三SLG推荐,SLG游戏小天才,3493280253741967,2026-04-24,17,0,0,0,0,-1,0,2026-04-23,"策略游戏,三国,排行榜,九州劫畅玩服,九州劫,三国slg,不肝不氪,slg,游戏推荐,策略",https://www.bilibili.com/video/BV1UroMB1EXp
bilibili,BV1y2XLBDEJy,B站新SLG《三国志：王道天下》首测锐评建议&amp;PV解读,导游老潘,43850713,2026-04-24,33992,343,75,0,44,-1,20,2026-03-29,"三国志王道天下首曝,三国志王道天下,游戏测评,三国志,手机游戏",https://www.bilibili.com/video/BV1y2XLBDEJy
bilibili,BV1WVmEBVE58,12月最爆更新！这款SLG直接把兄弟们整疯了！,小腻贼优秀,1847425917,2026-04-24,100116,1342,131,0,2335,-1,3,2025-12-12,"游戏推荐,搞笑,SLG",https://www.bilibili.com/video/BV1WVmEBVE58
bilibili,BV1D1KPzfErb,抽到必玩的核心武将！S1新手必备盘点，你有几个？,谋定乔夫人,34963382,2026-04-24,83526,342,87,0,143,-1,20,2025-06-20,"谋女郎掀起瓦GO之争,三谋游戏日常,周年庆,新手必备,614三谋周年庆新服,三谋x游戏区周年庆创作者激励计划,SLG,教程攻略",https://www.bilibili.com/video/BV1D1KPzfErb
bilibili,BV1Wju3zCEXj,黄油新三幻神,周少节,430545584,2026-04-24,1031625,5320,1556,0,8782,-1,120,2025-07-11,"搞笑,沙雕,娱乐",https://www.bilibili.com/video/BV1Wju3zCEXj
bilibili,BV1UXo5BaEoF,硬核SLG玩家必玩,SLG沙盘君,1796569154,2026-04-24,11,5,1,0,0,-1,0,2026-04-24,"率土之滨,AI,SLG,策略,三国,游戏",https://www.bilibili.com/video/BV1UXo5BaEoF
bilibili,BV1R4oKB7E5c,SLG游戏为什么好玩？,菠萝柚王子,13817466,2026-04-24,108251,5389,387,0,424,-1,220,2026-04-21,"手游,SLG,策略,三国志,娱乐解说",https://www.bilibili.com/video/BV1R4oKB7E5c
bilibili,BV1kY2FBXEBw,从夯到拉！实测各大三国题材游戏,热血鸽鸽,3546679523412028,2026-04-24,3516,15,1,0,7,-1,0,2025-11-06,"三战,率土之滨,三国,策略游戏",https://www.bilibili.com/video/BV1kY2FBXEBw
bilibili,BV1XyaZznE6g,从“夯”到“拉”，盘点slg游戏，看看哪款适合你？,热血鸽鸽,3546679523412028,2026-04-24,97458,435,257,0,222,-1,52,2025-09-08,"三国谋定天下,三国志战略版,策略游戏,slg,从夯到拉,率土之滨,无尽冬日",https://www.bilibili.com/video/BV1XyaZznE6g
bilibili,BV1LL4y1h7tW,这可能是最接近我想要的三国游戏了,七仔游戏解说,392103318,2026-04-24,47152,429,133,0,59,-1,13,2021-09-02,"手机游戏,三国志,打卡挑战,三国演义,吕布",https://www.bilibili.com/video/BV1LL4y1h7tW
bilibili,BV1AyeZzMEeM,「SLG/互动」通勤電車、盗撮される少女~\部分内容,Wei丶Bu,96593668,2026-04-24,288547,3667,404,0,7662,-1,39,2025-08-26,"电车,SLG,可爱,互动,少女",https://www.bilibili.com/video/BV1AyeZzMEeM
bilibili,BV1jRdzB5E8W,【沙盘演兵-5】0417荒败沙场打法作业汇总|转载自Yaphalla频道,HalfMoon半月,430357373,2026-04-24,4052,130,13,0,21,-1,0,2026-04-17,"AFK2光影迷局,光影迷局,孤瞳狼王,沙盘演兵,剑与远征启程,必剪创作,魔法家园,半月",https://www.bilibili.com/video/BV1jRdzB5E8W
bilibili,BV1hKdbBTEjP,【沙盘演示】尧山之战（上）——娄室火力大侦察，赵玖宜佑门托孤——小说《绍宋》沙盘系列,磨盘战事,159875390,2026-04-24,76491,4171,364,0,1044,-1,370,2026-04-16,"小说,历史,赵玖,历史文,绍宋,八公山,尧山,宋朝,可达鸭,沙盘",https://www.bilibili.com/video/BV1hKdbBTEjP
bilibili,BV1dtoMBsEq4,【水子哥】【沙盘战争：三国】：三国时期的战略模拟游戏,水子哥的综合游戏室,30998094,2026-04-24,2766,59,25,0,11,-1,5,2026-04-23,"steam,策略游戏,模拟游戏,推荐宝藏游戏,游戏推荐,游戏实况,游戏解说,单机游戏,三国,实况解说",https://www.bilibili.com/video/BV1dtoMBsEq4
bilibili,BV1fV411H7VK,沙盘推演：再现中国工农红军史诗般的长征全历程（合集）,沙盘上的战争,612194373,2026-04-24,7184799,271836,4158,0,243999,-1,113638,2021-07-13,"长征,军事,红军,四渡赤水,历史,沙盘,战略,知识分享官,泸定桥,战争",https://www.bilibili.com/video/BV1fV411H7VK
bilibili,BV1EGKzzgEbK,{重返未来1999}沙盘解构 完结,玖尾丷猫Yuki,8215662,2026-04-24,2950,20,1,0,2,-1,0,2025-06-27,"沙盘解构,重返未来1999,行于漫漫长路上,重返未来1999创作者激励计划,重返未来1999 攻略,重返未来1999创作者激励计划-3.0版本",https://www.bilibili.com/video/BV1EGKzzgEbK
bilibili,BV15yePzBExq,沙盘创世多人有声《创造沙盘世界》完本畅听,文蔚爱摸鱼,4445465,2026-04-24,9074,125,10,0,309,-1,5,2025-08-20,"创世,世界,原创,文明,沙盘,多人有声,配音",https://www.bilibili.com/video/BV15yePzBExq
bilibili,BV1tCohBCE7e,4月23日下午左右国际事件解读，热点沙盘解析，中东局势俄乌局势巴以地区冲突资讯，小军妹为你报！！,环球小糖豆,3546692561406519,2026-04-24,12665,360,34,0,24,-1,34,2026-04-23,"伊以局势,俄乌局势,美国,伊朗局势,中东局势,国际局势,中东,军演,伊朗,以色列",https://www.bilibili.com/video/BV1tCohBCE7e
bilibili,BV1px4y1e7PU,【星穹铁道】2.1匹诺康尼·朝露公馆Part.1沙盘模型区域战利品宝箱全收集,阿柴和兔兔,19050347,2026-04-24,19395,683,30,0,104,-1,8,2024-03-27,"梦境迷钟,星穹铁道,主播,宝箱,崩坏星穹铁道2.1创作者激励计划,教程攻略,匹诺康尼,星穹铁道2.0,崩坏：星穹铁道创作者激励计划,沙盘,战利品",https://www.bilibili.com/video/BV1px4y1e7PU
bilibili,BV1AZoGBHEtd,4月24日下午左右国际事件解读，热点沙盘解析，中东局势俄乌局势巴以地区冲突资讯，小军妹为你报！！！,环球小糖豆,3546692561406519,2026-04-24,9058,305,25,0,21,-1,57,2026-04-24,"美国,俄乌局势,伊朗局势,中东局势,国际局势,中东,伊拉克,伊朗,以色列",https://www.bilibili.com/video/BV1AZoGBHEtd
bilibili,BV1b44y1Y7go,沙盘讲解：战略决战的序幕正式揭开，济南战役，部署开始！【淮海战役前传05】,老旦聊历史,27363173,2026-04-24,786951,27665,695,0,4671,-1,4008,2021-11-26,"沙盘,读书,战争,历史,人物,军事,地图,粟裕,济南,知识分享官",https://www.bilibili.com/video/BV1b44y1Y7go
bilibili,BV1ZgoVBGEt2,四路战略战争：多房间决胜,Kingdada9,20620027,2026-04-24,1402,21,0,0,3,-1,0,2026-04-24,"教程攻略,游戏杂谈,三叉戟,游戏解说,房间,实况解说,娱乐,MOD,沙雕,比赛",https://www.bilibili.com/video/BV1ZgoVBGEt2
bilibili,BV1jio5B5EY2,军事三维电子沙盘，覆盖全国各省市矢量地图，按需打造专属可视化作战场景。,成都鼎艺创新科技,3706944596478934,2026-04-24,34,0,0,0,0,-1,0,2026-04-24,"部队作战电子沙盘,军事推演电子沙盘,GIS地理信息指挥系统,军事三维电子沙盘",https://www.bilibili.com/video/BV1jio5B5EY2
bilibili,BV131mCBtEGt,沙盘战争—铬铁行动困难—仁川登陆,剑矛枪戟,1484253593,2026-04-24,833,20,10,0,4,-1,0,2025-12-15,"策略游戏,世界征服者4,战争,仁川,沙盘战争,即时战略",https://www.bilibili.com/video/BV131mCBtEGt
bilibili,BV1Te4y1A7aD,1、沙盘原理及沙盘规则介绍,丁宝宝-,479534874,2026-04-24,6395,53,21,0,111,-1,1,2023-02-17,"建筑,沙盘,视频教程",https://www.bilibili.com/video/BV1Te4y1A7aD
bilibili,BV1UXo5BaEBV,东方战争策略沙盘，体验真实三国战场,SLG沙盘君,1796569154,2026-04-24,8,0,1,0,0,-1,0,2026-04-24,"率土之滨,电子竞技,策略,三国,高达,游戏",https://www.bilibili.com/video/BV1UXo5BaEBV
bilibili,BV1zK421b7i9,沙盘多次学习梦幻西游手游的方法-沙盘Sanboxie 2024.03.06.@梦幻西游手游老王,梦幻西游手游老王,2389257,2026-04-24,8762,151,46,0,215,-1,0,2024-03-06,"精锐,sanboxie,沙盘,老王,回合制,梦幻西游手游,sanbox",https://www.bilibili.com/video/BV1zK421b7i9
bilibili,BV1R4XNY5EL6,阳光智链（供应链实战沙盘）系统操作讲解2025,易木供应链,301416213,2026-04-24,6108,47,6,0,95,-1,24,2025-03-20,"沙盘,系统,教程,实战,供应链",https://www.bilibili.com/video/BV1R4XNY5EL6
bilibili,BV1J9oLBDE5L,“美国保护”神话破灭：中东盟友加速“战略自主”,B站暗影骑士团,350985381,2026-04-24,298,4,0,0,2,-1,0,2026-04-24,"热点观察局,必剪创作,盟友,中东,社会,神话,战略,美国,中国,历史",https://www.bilibili.com/video/BV1J9oLBDE5L
bilibili,BV1L1ZoBwESM,【光影迷局】第2轮沙盘密蕈郁林BOSS打法配队一图流汇总,HalfMoon半月,430357373,2026-04-24,6194,135,9,0,28,-1,1,2026-02-22,"一图流,密蕈郁林,AFK2光影迷局,光影迷局,沙盘演兵,剑与远征启程,必剪创作,魔法家园,半月",https://www.bilibili.com/video/BV1L1ZoBwESM
bilibili,BV1oM411o7tE,【率土】萌新零基础入坑率土最详细的一集 你学还是不学？,率土红茶,436215485,2026-04-24,36901,683,50,0,446,-1,13,2023-11-30,"详细,入坑,率土之滨,率土之滨赤壁之战,教程攻略,基础,我在B站直播率土之滨,新手",https://www.bilibili.com/video/BV1oM411o7tE
bilibili,BV1bpouBmEif,【跑团TV】平均TRPG体验Be like：Pt.0 试播集,S4nya_,2102195,2026-04-24,182427,31942,1353,0,8209,-1,795,2026-04-24,"桌游棋牌,COC,AI,赛博朋克,TRPG,DND,跑团TV,seedance 2.0,电子榨菜,AI动画创作挑战",https://www.bilibili.com/video/BV1bpouBmEif
bilibili,BV1Rq421c7St,【率土】一级地产量碾压九级地，极致摆烂流玩法!,格式angel,122724859,2026-04-24,33279,454,47,0,417,-1,5,2024-04-01,"率土之滨攻略,率土,slg,率土星推计划,率土之滨",https://www.bilibili.com/video/BV1Rq421c7St
bilibili,BV1cto5BSEgn,率土重制版0.1，欢迎体验！ #率土之滨记录 #率土之滨配将 #率土之滨性价比账号,就是葡萄,3546898845665286,2026-04-24,110,7,2,0,1,-1,0,2026-04-24,"率土之滨,MOBA,三国",https://www.bilibili.com/video/BV1cto5BSEgn
bilibili,BV1y4dHBzEFD,率土为什么不把荣誉换算比例公示呢？,率土之滨-灰灰,3546699156949399,2026-04-24,1098,31,1,0,0,-1,0,2026-04-18,"率批同盟故事会,率土星推计划,率土之滨",https://www.bilibili.com/video/BV1y4dHBzEFD
bilibili,BV1AhQJBsEJv,率土新制作人阿文能相信吗？核心策划不把玩家当人历历在目 （X5540 无疆）,星月舞世界,480631562,2026-04-24,2465,26,24,0,0,-1,5,2026-04-16,"星月舞,SLG,配将,率土之滨,开荒,平民,氪金,三国,网易,攻略",https://www.bilibili.com/video/BV1AhQJBsEJv
bilibili,BV1vh4y1X76p,率土如果都是这种人你觉得好玩吗？,太空头丶,96225967,2026-04-24,12937,89,127,0,5,-1,8,2023-06-16,"游戏杂谈,手游情报,必剪创作,MMORPG,武侠,三国,率土之滨",https://www.bilibili.com/video/BV1vh4y1X76p
bilibili,BV1HxyDYPEfN,率土2真的要来了，对标全面战争？,还是二师兄_,34559031,2026-04-24,28640,176,86,0,42,-1,9,2024-10-25,"率土之滨,全面战争,策略游戏,三国",https://www.bilibili.com/video/BV1HxyDYPEfN
bilibili,BV1fT41187KV,零氪率土140天都有些啥？,曾大娃,287502175,2026-04-24,18443,188,131,0,15,-1,14,2023-04-30,"率土之滨,零氪,非酋",https://www.bilibili.com/video/BV1fT41187KV
bilibili,BV14UnmzmEoN,《三谋》万字测评： 变革之路，率土like的破局与新生,春之岸边播放器,465875,2026-04-24,4469,86,47,0,77,-1,10,2025-09-30,"三国志战略版,三国：谋定天下,SLG,游戏测评,游戏解说,率土之滨",https://www.bilibili.com/video/BV14UnmzmEoN
bilibili,BV1KQoGBxESM,当math以为自己很有影响力be like——,小汪学姐带你冲,3546974458480845,2026-04-24,754,16,1,0,2,-1,0,2026-04-24,"高中生,学习,教育,高中数学教材,学习心得,经验分享,影响力,高中数学,高中",https://www.bilibili.com/video/BV1KQoGBxESM
bilibili,BV1G3ncz4E9i,率土首个无征服的区——率土十年经典故事,率土老碧,2081944691,2026-04-24,10559,131,16,0,16,-1,0,2025-09-22,"率土之滨,率土老碧",https://www.bilibili.com/video/BV1G3ncz4E9i
bilibili,BV1AknrztEHp,率土0氪怎么玩？不要迷茫！混学是们艺术,热爱生活的小红花,300119811,2026-04-24,13868,106,75,0,72,-1,5,2025-09-30,"0氪,学习,教程攻略,平民,直播,率土之滨,零氪,生活记录",https://www.bilibili.com/video/BV1AknrztEHp
bilibili,BV1fhymBkEGE,一小时就满兵？超强征兵内政思路【率土之滨】,会飞的小星,473212410,2026-04-24,17093,175,37,0,226,-1,10,2025-10-29,"率土之滨,率土10周年,三国,率土十周年,教程攻略,思路",https://www.bilibili.com/video/BV1fhymBkEGE
bilibili,BV19W421X7pk,【深度】从页游到手游，率土like为什么能重启辉煌？,江湖人称石老怪,303825600,2026-04-24,66885,2108,258,0,220,-1,579,2024-08-06,"网易,游戏发行,分享游戏故事,游戏行业,深度,SLG,游戏杂谈,手游情报,率土之滨,整点电子榨菜",https://www.bilibili.com/video/BV19W421X7pk
bilibili,BV1AjpTzNEzL,为什么说防御至率土最没用的属性？,浪部配将,299615441,2026-04-24,18051,182,133,0,30,-1,3,2025-09-15,"必剪创作,防御,率土之滨",https://www.bilibili.com/video/BV1AjpTzNEzL
bilibili,BV1su4y197Lz,你以为的率土，和实际的率土！,率土老碧,2081944691,2026-04-24,111228,7291,175,0,253,-1,5,2023-08-14,"率土之滨,率土星推计划,率土老碧",https://www.bilibili.com/video/BV1su4y197Lz
bilibili,BV14ioLBAESU,4月30日的bro Be like,2435552167ueudhc,3494363309017816,2026-04-24,119,9,1,0,1,-1,0,2026-04-24,必剪创作,https://www.bilibili.com/video/BV14ioLBAESU
bilibili,BV1ed4y147cE,率土最难获得的卡，及其耗费时间和精力，率土首张着墨山河已经出世啦！需要集齐65全名胜才可以获得哦~,率土之滨红小豆,699897034,2026-04-24,14224,174,23,0,3,-1,16,2022-12-03,"三国,率土之滨,着墨山河,游戏知识分享官,率土名胜,必剪创作",https://www.bilibili.com/video/BV1ed4y147cE
bilibili,BV1kNoLBWEGY,当妮指等人和三大CEO讨论第三次地面收复战Be like,SoriNa饭团,28734829,2026-04-24,956,63,8,0,15,-1,2,2026-04-24,"妮姬,WWE,第三次地面收复战,舒恩,马士丁,英格丽,NIKKE,安德森,指挥官,新生",https://www.bilibili.com/video/BV1kNoLBWEGY
bilibili,BV1VgoEBmEc1,一个视频教会你三战大中小回归所有规则,三战-峨眉峰,1398762168,2026-04-24,1,0,0,0,0,-1,0,2026-04-24,"三战创作者计划,三国志战略版",https://www.bilibili.com/video/BV1VgoEBmEc1
bilibili,BV1RmoEBHEwJ,恪太左开荒攻略,三战丶志远,437282813,2026-04-24,3,1,0,0,0,-1,0,2026-04-24,"三战创作者计划,三国志战略版",https://www.bilibili.com/video/BV1RmoEBHEwJ
bilibili,BV1dJ27BxE9p,从夯到拉盘点三战#三战创作者计划 #三国志战略版,三战-峨眉峰,1398762168,2026-04-24,2886,83,10,0,11,-1,4,2025-12-05,"#三国志战略版,#从夯倒拉盘点,三国志战略版,#三战创作者计划",https://www.bilibili.com/video/BV1dJ27BxE9p
bilibili,BV1VNDCBiEhm,三战玩家现状：骂完新剧本，还是乖乖报名！,大V爱游戏,651213952,2026-04-24,1303,23,23,0,0,-1,1,2026-04-11,"三战创作者计划,三国志战略版",https://www.bilibili.com/video/BV1VNDCBiEhm
bilibili,BV1QGtdzfExP,三战演武场真的来了！8.13日游戏更新公告解读【三国志战略版】,一个侠盗,4090865,2026-04-24,6903,80,30,0,6,-1,4,2025-08-12,"三国志战略版攻略,必剪创作,三国志战略版,三国志战略版抽卡,三战创作者计划",https://www.bilibili.com/video/BV1QGtdzfExP
bilibili,BV1UJX5BnEX3,三战冷知识，单抽和五连哪个更容易出橙？#三国志战略版攻略 #三国志战略版 #三战创作者计划,三战卡比兽,621273884,2026-04-24,3877,28,5,0,2,-1,0,2026-03-28,"原神,学习,新人",https://www.bilibili.com/video/BV1UJX5BnEX3
bilibili,BV1bu4y1R721,粉丝福利！教你白嫖几千金珠！【三国志战略版】,一个侠盗,4090865,2026-04-24,37000,713,38,0,170,-1,90,2023-08-09,"必剪创作,三国志战略版攻略,三国志战略版零氪,分享游戏故事,整点电子榨菜,三国志战略版",https://www.bilibili.com/video/BV1bu4y1R721
bilibili,BV1L6W7zpE5T,SP貂蝉彻底无敌！史上最变态的队伍诞生#三国志战略版#三战创作者计划,三战绊脚猫,237844342,2026-04-24,10589,48,58,0,6,-1,1,2025-10-17,"三战创作者计划,三国志战略版",https://www.bilibili.com/video/BV1L6W7zpE5T
bilibili,BV1b2wnzbEYe,三战5+1稀有卡最新版本（到SP曹操）,三战-南风,441780995,2026-04-24,3041,80,27,0,49,-1,0,2026-03-14,"三国志,三国,攻略,三战创作者计划,5+1,三国志战略版,稀有卡",https://www.bilibili.com/video/BV1b2wnzbEYe
bilibili,BV1HaQ6B5EM5,该补红哪队？ #三国志战略版 #三战创作者计划,诛仙阵5779,3546606311836478,2026-04-24,1427,19,15,0,1,-1,0,2026-03-24,"三战创作者计划,三国志战略版",https://www.bilibili.com/video/BV1HaQ6B5EM5
bilibili,BV1MMDrBdERP,三战阳寿抽卡第一人#三国志战略版#三战创作者计划,生蚝大帝,319690417,2026-04-24,1194,24,9,0,4,-1,4,2026-04-08,"抽卡,三国志,三国,三战创作者计划,三国志战略版,玄学",https://www.bilibili.com/video/BV1MMDrBdERP
bilibili,BV1279bYaEFA,历战又怎么样？还不是一样出货《三国志战略版》,潘凤帮郭奉孝,472253284,2026-04-24,12892,158,27,0,7,-1,1,2025-03-02,"抽卡,游戏解说,三国志,三国志战略版,三战创作者计划,氪金,欧皇,手游情报,教程攻略",https://www.bilibili.com/video/BV1279bYaEFA
bilibili,BV1hiFre8EQX,个人见解，仅供参考,大鼻嘎很粘牙,2091911231,2026-04-24,10838,144,67,0,9,-1,4,2025-02-02,三国志战略版,https://www.bilibili.com/video/BV1hiFre8EQX
bilibili,BV1XMQbBcETA,老武将加强#三国志战略版 #三战创作者计划,三战绊脚猫,237844342,2026-04-24,45,0,0,0,0,-1,0,2026-04-13,"三战创作者计划,三国志战略版",https://www.bilibili.com/video/BV1XMQbBcETA
bilibili,BV1N5411C7Xv,#三国志战略版#三战创作者计划,-糖果影视馆,1508512385,2026-04-24,163985,13944,242,0,407,-1,12,2024-01-29,"三国志战略版,三战创作者计划",https://www.bilibili.com/video/BV1N5411C7Xv
bilibili,BV19d9wBcEj1,哪个皇马好？ #三国志战略版 #三战创作者计划,诛仙阵5779,3546606311836478,2026-04-24,3115,43,25,0,0,-1,0,2026-04-02,"三战创作者计划,三国志战略版",https://www.bilibili.com/video/BV19d9wBcEj1
bilibili,BV1TEQbBsEH5,新剧本玩法推荐#三国志战略版 #三战创作者计划,三战绊脚猫,237844342,2026-04-24,179,2,0,0,2,-1,0,2026-04-13,"三战创作者计划,三国志战略版",https://www.bilibili.com/video/BV1TEQbBsEH5
bilibili,BV1F3A3zxEW1,三战玩家流失，归根到底是什么原因导致的？#三国志战略版 #三战创作者计划 #三战实拍记录,以为002,3546802328439212,2026-04-24,4835,84,20,0,1,-1,1,2026-03-22,"三战创作者计划,三国志战略版",https://www.bilibili.com/video/BV1F3A3zxEW1
bilibili,BV16h411u7wH,看看小学生发的法令啊“PK赛季”啊？？,账号已注销,1910330291,2026-04-24,39402,317,123,0,42,-1,32,2023-04-05,"赛季,2023LPL激励计划第一期,搞笑,PK,看看,小学生,三国志战略版,LPL激励计划,三国志,比赛",https://www.bilibili.com/video/BV16h411u7wH
bilibili,BV1btQ2B3EXm,三战最扎心的真相：霸业毁于对手，而是毁在自己人手里！#三国志战略版 #三战创作者计划 #游戏日常分享,三战卡比兽,621273884,2026-04-24,893,13,4,0,1,-1,0,2026-03-25,"情感,爱情,游戏",https://www.bilibili.com/video/BV1btQ2B3EXm
bilibili,BV1dCojBjEiU,洪方舟解读相声 20260317 《三英战吕布》侯耀文等,定点投喂,1353669385,2026-04-24,0,0,0,0,0,-1,0,2026-04-24,"传统文化,曲艺,直播,德云社,直播直播切片,春黔社,贵州,郭德纲,记录,相声",https://www.bilibili.com/video/BV1dCojBjEiU
bilibili,BV1jyoEBsEwZ,【三国志大战6】忠义兄弟的结束，刘关张三英战吕布天下无双、飞,霸NO1王,431398488,2026-04-24,3,0,0,0,0,-1,0,2026-04-24,"必剪创作,我在B站做游戏,三英战吕布,电子竞技,三国志,三国,吕布",https://www.bilibili.com/video/BV1jyoEBsEwZ
bilibili,BV1A1EhzZEQc,权游 极乐塔之战 三补,胶带侠,672537318,2026-04-24,2843,16,6,0,6,-1,0,2025-05-17,"美剧,人人都能聊影视,权力的游戏,万字拉片大赛",https://www.bilibili.com/video/BV1A1EhzZEQc
bilibili,BV1PtoEBKETE,哇~战雷历史模式三个1K磅的收获,赶紧起来动动,8391934,2026-04-24,0,0,0,0,0,-1,0,2026-04-24,"战争雷霆,空战,必剪创作,游戏日常,战雷,历史模式",https://www.bilibili.com/video/BV1PtoEBKETE
bilibili,BV1vmoEBnEFS,BOSS战进入第三阶段,守护の力,446578687,2026-04-24,859,68,4,0,9,-1,1,2026-04-24,"兽人,武术,地狱模式,BOSS,战斗,攻略,辅助,热血,模式,漫画",https://www.bilibili.com/video/BV1vmoEBnEFS
bilibili,BV1JVo4BmEGN,【星穹铁道】海原电视塔三个战狸品位置,---dilemma---,610577442,2026-04-24,2273,36,10,0,7,-1,0,2026-04-22,"星穹铁道,战狸品,教程攻略,银狼",https://www.bilibili.com/video/BV1JVo4BmEGN
bilibili,BV1ceoEBwEai,猫战13.5周年活动-黄战士获取 第三话黑色贵妇人攻略 近期bug和更新预告说明,晴子鼠,15892537,2026-04-24,224,12,5,0,1,-1,0,2026-04-24,"堕天楼,娱乐,必剪创作,搞笑,日本,我在B站做游戏,猫战,猫咪大战争,战队,周年",https://www.bilibili.com/video/BV1ceoEBwEai
bilibili,BV1hQwfzzEPi,三战？！,texan1912,3546735573993975,2026-04-24,1268,123,8,0,36,-1,0,2026-03-21,"cr,军事,战争",https://www.bilibili.com/video/BV1hQwfzzEPi
bilibili,BV1TX9jB8Ei8,三战真的已经开始了吗,鲨鲨的a,310997204,2026-04-24,531647,13918,727,0,1986,-1,65,2026-04-06,"俄乌,知乎,美国,战争,历史,世界局势,三战,架空历史,中东,伊朗",https://www.bilibili.com/video/BV1TX9jB8Ei8
bilibili,BV1ruDgB9Ek9,注意哦，上面那个才是乙骨忧太,灰色老鼠幻乙,535359996,2026-04-24,25955,1305,82,0,116,-1,20,2026-04-04,"咒术回战第三季,乙骨忧太,咒术回战",https://www.bilibili.com/video/BV1ruDgB9Ek9
bilibili,BV1fDosBCEeH,崩铁4.2海原市三个战狸品一条龙陪跑攻略/海原市/海原电视塔/宝箱/全收集,一只小小的原神肝帝,1880243983,2026-04-24,9185,216,10,0,17,-1,3,2026-04-22,"攻略,崩坏：星穹铁道创作者激励计划,必剪创作,隐藏宝箱,二次元,教程攻略,一条龙,宝箱,动作游戏",https://www.bilibili.com/video/BV1fDosBCEeH
bilibili,BV1f9dnBwEs8,《一百元租个精神小妹》第3集-三英战吕布,心动放映馆,3706965496695546,2026-04-24,8625,346,13,0,147,-1,93,2026-04-18,"短剧,搞笑,后宫,精神小妹,土味,美女如云,三英战吕布,小仙女,幻想,吕布",https://www.bilibili.com/video/BV1f9dnBwEs8
bilibili,BV1P14y167B7,通讯录的第三次世界大战,懒芜,511127525,2026-04-24,1089645,30803,900,0,11718,-1,919,2023-07-29,通讯录,https://www.bilibili.com/video/BV1P14y167B7
bilibili,BV1GnXaBCEq6,新三国战斗，但是AIZO神插入,白羽爱伦坡,250698536,2026-04-24,94234,3761,282,0,863,-1,99,2026-03-30,"AIZO,OP插入,新三国,动漫二创激励计划,虎杖,咒术回战,折棒,三英战吕布,第三季",https://www.bilibili.com/video/BV1GnXaBCEq6
bilibili,BV1JiZ1BBE4R,【锐评三四代荣耀之战＋微博之夜生图颜值】依旧不向普男屈服，承受能力弱的粉丝慎入,超级大铁蛋吼吼吼,1162312674,2026-04-24,118623,3441,191,0,669,-1,1475,2026-02-18,"TFING,颜值锐评,TF四代,TF三代,荣耀之战,微博之夜,时代峰峻,丑人多作怪,TF家族,TOP",https://www.bilibili.com/video/BV1JiZ1BBE4R
bilibili,BV1XgoEBmEAd,竹林夜雨,三战fan,500033119,2026-04-24,0,6,0,0,0,-1,0,2026-04-24,"AI时代手搓大赏,武侠,生活,自制",https://www.bilibili.com/video/BV1XgoEBmEAd
bilibili,BV1uMNuzqEUZ,假如三战爆发,海新HITION,1160381974,2026-04-24,23735,368,26,0,196,-1,0,2026-03-08,"沙雕,娱乐,战争",https://www.bilibili.com/video/BV1uMNuzqEUZ
bilibili,BV1zdP7zkEgv,看完这集就可以阻止三战发生的Ins memes 31,M_GS,100194977,2026-04-24,350208,27518,1374,0,3854,-1,230,2026-03-02,"爱泼斯坦,搞笑小剧场,meme,魔性,歪果仁,梗,ins,第三次世界大战,将军,合集",https://www.bilibili.com/video/BV1zdP7zkEgv
bilibili,BV1dyoEBWEaG,【勇仔小旅馆&amp;兑换攻略】74元45个武魂之灵？平民7个元素箱子？,万千星河不及你1,1735498217,2026-04-24,18,6,8,0,1,-1,0,2026-04-24,"英勇之地修仙季,英勇之地手游,必剪创作",https://www.bilibili.com/video/BV1dyoEBWEaG
bilibili,BV1LUoEBQEPW,平民玩法零氪低氪攻略,cia饭去llo,439038881,2026-04-24,0,0,0,0,0,-1,0,2026-04-24,"崩坏：星穹铁道创作者激励计划,零氪,教程攻略,玩法,平民,攻略",https://www.bilibili.com/video/BV1LUoEBQEPW
bilibili,BV1svo3B7EQw,平民玩家必练角色，不氪金也能玩得爽,墨殇晨曦之痕,446058374,2026-04-24,0,0,0,0,0,-1,0,2026-04-24,"崩坏：星穹铁道创作者激励计划,平民玩家,平民,角色,玩家",https://www.bilibili.com/video/BV1svo3B7EQw
bilibili,BV1ViogBZEiN,僵尸清除计划6零氪植物推荐（超z平民植物魔音菜问齐上阵）,活泼的充能柚子,3494376814676458,2026-04-24,136,8,0,0,0,-1,0,2026-04-24,"僵尸清除计划,植物推荐,零氪,植物大战僵尸2",https://www.bilibili.com/video/BV1ViogBZEiN
bilibili,BV1Y7o3BfE2F,【月】奥拉星唤灵使黑炎龙全程平民速通打法,冷月_666,434466554,2026-04-24,3022,35,10,0,12,-1,0,2026-04-24,"奥拉星,评测,RPG,BOSS,教程攻略,休闲益智,PVE,实战,平民,速通",https://www.bilibili.com/video/BV1Y7o3BfE2F
bilibili,BV1P3oMBTEwu,《指尖无双》S2-S3合并？平民如何选择？,指尖无双迷失,37290376,2026-04-24,623,8,4,0,0,-1,0,2026-04-23,"指尖无双,教程攻略,平民",https://www.bilibili.com/video/BV1P3oMBTEwu
bilibili,BV1LYoGBBERp,【pvz好人】潘妮的追击S37第一周平民0钻攻略解说,会一直这么好,471157157,2026-04-24,471,17,4,0,2,-1,0,2026-04-24,"游戏解说,植物大战僵尸,必剪创作,潘妮的追击,教程攻略,植物大战僵尸2",https://www.bilibili.com/video/BV1LYoGBBERp
bilibili,BV1eLo3BcEWs,【月】奥拉星唤灵使须臾全程平民速通打法,冷月_666,434466554,2026-04-24,2310,31,7,0,7,-1,0,2026-04-24,"奥拉星,评测,教程攻略,打法,休闲益智,PVE,全程,实战,平民,BOSS",https://www.bilibili.com/video/BV1eLo3BcEWs
bilibili,BV1vhdLBkEHv,【奥奇传说手游】源起龙主平民难民打法,西柚不吃西柚_,1337513907,2026-04-24,6671,173,9,0,66,-1,0,2026-04-17,"难民,奥奇传说手游五周年,奥奇传说手游,教程攻略,休闲益智,平民",https://www.bilibili.com/video/BV1vhdLBkEHv
bilibili,BV186wEzRETE,【向晚】奥奇传说灵初暗龙平民30分钟当周稳定打法(无年费无女皮兑钻宠),塔菲的老头喵,36773580,2026-04-24,19909,175,179,0,77,-1,6,2026-03-14,"奥奇传说,休闲益智,平民",https://www.bilibili.com/video/BV186wEzRETE
bilibili,BV1y3oHBCEYZ,装穷陪闺蜜下嫁，结果闺蜜也是大佬？(平民闺蜜爱上了穷书生。为防止她受气，我隐瞒身份，下嫁给了书生的哥哥。),爆文小助手,3706949575117246,2026-04-24,823,2,1,0,1,-1,0,2026-04-22,"小说,动漫,传媒及内容,精彩后续,完结文,原耽,爽文,竖屏,大结局,哥哥",https://www.bilibili.com/video/BV1y3oHBCEYZ
bilibili,BV1S4oVBhEtu,追击S37.1平民攻略解说，Z公司关卡妙趣横生，拓维产能爆发的一集，希望继续保持,abysseye-TianYi,3546916881173348,2026-04-24,2801,84,78,0,28,-1,1,2026-04-24,"电大哥,潘妮的追击,游戏解说,植物大战僵尸2敦煌,定向进化,教程攻略,植物大战僵尸2,休闲益智",https://www.bilibili.com/video/BV1S4oVBhEtu
bilibili,BV1FioTBwEsV,荣耀开心认狼，我哥姐的刀下能有平民吗,江鱼之鱼,483777432,2026-04-24,9399,83,27,0,16,-1,0,2026-04-23,平民,https://www.bilibili.com/video/BV1FioTBwEsV
bilibili,BV1E6oTBtE17,记录下平民乌鸡20万抗魔，一脚18层困水,joey桥,475109399,2026-04-24,1640,18,8,0,1,-1,0,2026-04-23,"DNF,DNF手游,动作游戏",https://www.bilibili.com/video/BV1E6oTBtE17
bilibili,BV1NQogBmERF,无尽斗场-第3场守卫者石像 平民&amp;氪佬阵容推荐,成周同学,1532670757,2026-04-24,688,34,1,0,3,-1,0,2026-04-24,"剑与远征魔法家园,剑与远征启程,模拟经营,家园,光影迷局,魔法家园,教程攻略,放置,种田",https://www.bilibili.com/video/BV1NQogBmERF
bilibili,BV14qoLBaEHz,平民之光,等等与小闪,260513831,2026-04-24,45,38,0,0,27,-1,0,2026-04-24,"崩坏：星穹铁道创作者激励计划,斗鱼,直播,性感,女神,女主播",https://www.bilibili.com/video/BV14qoLBaEHz
bilibili,BV1cco3BrE2d,【鸽】奥拉星：须臾平民阵容稳定速推打法！,星笙鸽,8191684,2026-04-24,2503,50,18,0,13,-1,1,2026-04-24,"教程攻略,平民阵容,奥拉星,网络游戏,须臾,打法,休闲益智,平民,网页游戏",https://www.bilibili.com/video/BV1cco3BrE2d
bilibili,BV148o3BDEba,七大罪：Origin -平民艾斯卡诺伽蓝boss深渊单通，机制分析、手法参考,leonkye,102331079,2026-04-24,1702,32,32,0,12,-1,0,2026-04-24,"鸣潮创作激励计划,七大罪起源,深渊难度,艾斯卡诺,傲慢之罪,那个男人,单通",https://www.bilibili.com/video/BV148o3BDEba
bilibili,BV1TCohBCE8S,尸鬼红唇赛季第42天平民路线,火影忍者ol飞图,175839541,2026-04-24,1564,27,5,0,6,-1,0,2026-04-23,"教程攻略,赛季,平民",https://www.bilibili.com/video/BV1TCohBCE8S
bilibili,BV1Emo3BuEdT,奥拉星，平民缔约阵容无朽诏卡简单速通唤灵师须臾,沐影柒Sy,630751157,2026-04-24,356,9,0,0,2,-1,0,2026-04-24,"手游情报,直播录像,奥拉星,BOSS,教程攻略,平民阵容,休闲益智,平民,挑战,速通",https://www.bilibili.com/video/BV1Emo3BuEdT
bilibili,BV17koEBdEGg,降价了！1498.55元拿下傲风C3Pro电竞椅攻略教程！十档追背腰托，久坐舒服，游戏办公超适配！,熬夜赶Due人,3546820162620193,2026-04-24,0,1,1,0,0,-1,0,2026-04-24,"有脚托座椅,人工力学座椅,电脑椅测评,电脑椅推荐,十档追背腰托椅,久坐舒服椅,电脑椅,人体工学椅,办公椅,电竞椅",https://www.bilibili.com/video/BV17koEBdEGg
bilibili,BV1okoEBREui,降价了！850元拿下贝阳直播背景布购买攻略教程！2米X2米超大尺寸，带支架，便携抠像，直播拍照超好用！,麦子数码铺,3546942078454007,2026-04-24,0,1,1,0,0,-1,0,2026-04-24,"加厚绿布幕,带支架幕布,摄影背景布,地拉绿幕布,白色背景布,抠像绿幕布,便携背景布,影棚器材测评,影棚器材推荐,直播背景布",https://www.bilibili.com/video/BV1okoEBREui
bilibili,BV1EroEB4EJg,降价了！1180元拿下SMFK流星球鞋脏脏鞋攻略教程！黑白厚底增高，明星同款，现货35码！,宿舍生存指南,3546850833468067,2026-04-24,0,0,1,0,0,-1,0,2026-04-24,"脏脏鞋,SMFK品牌鞋,厚底增高板鞋,女士休闲鞋推荐,女士休闲鞋测评,雪山白,黑白配色,现货,明星同款,女鞋",https://www.bilibili.com/video/BV1EroEB4EJg
bilibili,BV1okoEBRE8t,PC和Switch 2按键不一致？八爪鱼5键值映射终极教程 教程步骤已打包，收藏关注不迷路！👇#,陕捕切暮Js7,3706970160760945,2026-04-24,0,1,1,0,0,-1,0,2026-04-24,"我的2050未来科技,教程攻略,步骤,账号,按键",https://www.bilibili.com/video/BV1okoEBRE8t
bilibili,BV1fzoEBoEXZ,PC和Switch 2按键不一致？八爪鱼5键值映射终极教程 教程步骤已打包，收藏关注不迷路！,ruci1JPG爸,3546760632863256,2026-04-24,0,1,1,0,0,-1,0,2026-04-24,"教程攻略,步骤,账号",https://www.bilibili.com/video/BV1fzoEBoEXZ
bilibili,BV1ZzoEBoEtR,如何一句话使用 CloudFlare 创建全栈网站-基础设置教程,MakerJackie,39823137,2026-04-24,2,3,0,0,1,-1,0,2026-04-24,"FPS,演示,全栈,教程攻略,网站",https://www.bilibili.com/video/BV1ZzoEBoEtR
bilibili,BV1GgoEBmEJf,窃贼地精/BurglinGnomes汉化MOD怎么装？双方案一键汉化+联机MOD+报错修复+完整保姆级教程,游戏姬小玉,3706962111892201,2026-04-24,0,1,0,0,0,-1,0,2026-04-24,"全新玩法,教程攻略,玩法,多人联机,经典版,MOD,MMORPG,攻略,中文",https://www.bilibili.com/video/BV1GgoEBmEJf
bilibili,BV1GgoEBmELR,窃贼地精100%免费汉化教程！一键汉化+两种安装方法+联机MOD+汉化补丁完整教学,eleven-MAX-11,3706962139155111,2026-04-24,0,0,0,0,0,-1,0,2026-04-24,"教程攻略,模拟经营,汉化补丁,沙盒游戏,生存,MOD,攻略,流程,方法,黑屏",https://www.bilibili.com/video/BV1GgoEBmELR
bilibili,BV1qyoEBsEkg,窃贼地精MOD安装教程！加生命+加时间+帽子等趣味MOD整合包分享+详细安装步骤+联机可用说明,游戏君小黑,502231469,2026-04-24,0,0,0,0,0,-1,0,2026-04-24,"steam,沙盒游戏,趣味,MOD,教程,mod整合包,mod整合,mod安装,教程攻略,像素风",https://www.bilibili.com/video/BV1qyoEBsEkg
bilibili,BV1dyoEBWEjG,nba2kol2 推球胯下回拉 胯下山姆高德 教程,无有因三碗吃不饱何故,288667643,2026-04-24,1,4,0,0,0,-1,0,2026-04-24,"技巧,推球回拉,NBA2KOL2,2k,教程攻略",https://www.bilibili.com/video/BV1dyoEBWEjG
bilibili,BV1RUoEBDEgd,GTALCS隐藏三防车辆加工防撞属性教程,Sasha小的号,2046470680,2026-04-24,1,4,0,0,0,-1,0,2026-04-24,"自由城故事,教程攻略,GTA",https://www.bilibili.com/video/BV1RUoEBDEgd
bilibili,BV1QDoEBJES4,超级马里奥惊奇手机版安装教程 #马里奥惊奇 #超级马里奥 #超级马里奥惊奇 #超（伏脂鸱吻铢两准洞座）级马里奥兄弟惊奇 #马里奥,反派小狗6,3706975649008046,2026-04-24,0,2,0,0,0,-1,0,2026-04-24,"第五人格,超级马里奥,教程,马里奥惊奇,教程攻略,动作游戏,兄弟",https://www.bilibili.com/video/BV1QDoEBJES4
bilibili,BV1stoEBKEi6,《卡牌仙宗》mod修改护肝教程，资源全部拉满攻略，道友，该开宗了！,碎碎念漫游,3546906068256777,2026-04-24,8,0,0,0,0,-1,0,2026-04-24,"卡牌仙宗身份,卡牌仙宗修仙,卡牌仙宗资源拉满,卡牌仙宗mod护肝,卡牌仙宗卡牌扩容,卡牌仙宗灵根,卡牌仙宗攻略,卡牌仙宗游戏,卡牌仙宗修为,卡牌仙宗修改",https://www.bilibili.com/video/BV1stoEBKEi6
bilibili,BV1jyoEBsErD,保卫萝卜4仙境奇遇记第48关无伤全清攻略（金萝卜绿领带）,不开心就睡觉,36641120,2026-04-24,0,0,0,0,0,-1,0,2026-04-24,"教程攻略,塔防,保卫萝卜",https://www.bilibili.com/video/BV1jyoEBsErD
bilibili,BV1oyoEBWEFr,增伤第一人，早雾省流攻略来了,宇宙无敌大水龙,3546585946392877,2026-04-24,0,0,0,0,0,-1,0,2026-04-24,"攻略,异环公测创作激励,海特洛高能团,异环公测,异环,省流,教程攻略",https://www.bilibili.com/video/BV1oyoEBWEFr
bilibili,BV1oyoEBWEcP,燕云十六声青州蹊跷提交攻略,土里拾月,479641375,2026-04-24,2,5,0,0,0,-1,0,2026-04-24,"武侠,攻略,这下可要燕入味了,燕云十六声,教程攻略,燕云,青州,泰安,泰山,山东",https://www.bilibili.com/video/BV1oyoEBWEcP
bilibili,BV1oyoEBWEeZ,纯新手向普残攻略实况第二十七期 德哈卡机会渺茫,qx运神,4295273,2026-04-24,7,3,1,0,0,-1,0,2026-04-24,"教程攻略,星际争霸II,第一视角,游戏实况,星际争霸2,娱乐,攻略,新手,即时战略",https://www.bilibili.com/video/BV1oyoEBWEeZ
bilibili,BV1ZroEBxEc9,【第五人格】演绎之星全角色签名动作获取时间表来啦！今日上新线还有5688紫薯＋1980灵感！还有稀世时装解锁卡*1！零氪党的春天来临啦！wyzx,第五人格王源资讯,3706975963580526,2026-04-24,5,42,17,0,37,-1,0,2026-04-24,"第五人格,时装,第五人格八周年,演绎之星,零氪,竞技游戏,碎片,紫薯,灵感",https://www.bilibili.com/video/BV1ZroEBxEc9
bilibili,BV1fzoEBoEmV,【最强之男】零氪开荒：双人卡不抽了就等周年庆,泽某人W,405097387,2026-04-24,234,6,2,0,1,-1,0,2026-04-24,"一拳超人最强之男,最强之男,一拳超人,卡牌游戏,游戏实况,实况解说,手机游戏",https://www.bilibili.com/video/BV1fzoEBoEmV
bilibili,BV1oxogBeEKy,零氪党冲铁道活动限定,4我-不j赖,3690984216988526,2026-04-24,96,3,0,0,3,-1,0,2026-04-24,崩坏：星穹铁道创作者激励计划,https://www.bilibili.com/video/BV1oxogBeEKy
bilibili,BV1HEogBgE8M,零氪党翻车丝血反杀,bili_92447751084,3691010827749590,2026-04-24,101,3,0,0,3,-1,0,2026-04-24,崩坏：星穹铁道创作者激励计划,https://www.bilibili.com/video/BV1HEogBgE8M
bilibili,BV1pvouBzETj,零氪攻略青雀剧情解析,崔7-陆驷,3632314225527084,2026-04-24,274,4,0,0,4,-1,0,2026-04-24,你领到星铁纪念册了吗,https://www.bilibili.com/video/BV1pvouBzETj
bilibili,BV1J6ouBKEaF,零氪攻略阮梅美学智识,雷仲谭d5欧_4,3706962048977022,2026-04-24,258,3,0,0,2,-1,0,2026-04-24,你领到星铁纪念册了吗,https://www.bilibili.com/video/BV1J6ouBKEaF
bilibili,BV1JrouBvEUD,零氪攻略存护角色忘归人舞蹈,52主,3706962046879778,2026-04-24,257,3,0,0,2,-1,0,2026-04-24,你领到星铁纪念册了吗,https://www.bilibili.com/video/BV1JrouBvEUD
bilibili,BV15vogBbEtX,零氪党冲铁道经验本,py70萌,3706964311803973,2026-04-24,81,2,0,0,3,-1,0,2026-04-24,崩坏：星穹铁道创作者激励计划,https://www.bilibili.com/video/BV15vogBbEtX
bilibili,BV1pEogBgELQ,零氪党单刷均衡等级,飞暴阳03G,3690991802387170,2026-04-24,82,3,0,0,3,-1,0,2026-04-24,崩坏：星穹铁道创作者激励计划,https://www.bilibili.com/video/BV1pEogBgELQ
bilibili,BV18Mo5BYEp4,五千九百八十二小时绝区零零氪全角色,雪玲表婶,3706953033321307,2026-04-24,73,0,0,0,0,-1,0,2026-04-24,"绝区零UP主激励计划,零氪,小时,角色",https://www.bilibili.com/video/BV18Mo5BYEp4
bilibili,BV16PoVBjEYQ,【第五人格】全角色签名动作获取时间表来啦！今天上线活动还可领碎片4888＋3888灵感！提醒10连抽别忘记领了！这下零氪党的春天真的来了！,第五人格平台兑换码,3546798870235216,2026-04-24,2559,306,38,0,212,-1,0,2026-04-24,"第五人格,动作,演绎之星,线索,排期,碎片,更新,紫薯,皮肤,灵感",https://www.bilibili.com/video/BV16PoVBjEYQ
bilibili,BV11fo5BtEPD,【三角洲猛攻节】终于来了～～姜文带着5800三角券来了！零氪坠星者！！,老六Obs,3706946697824827,2026-04-24,3964,177,10,0,176,-1,0,2026-04-24,"火影手游疾风传十周年,三角洲福利,三角洲猛攻,刀皮,兑换码,白嫖,零氪,三角洲",https://www.bilibili.com/video/BV11fo5BtEPD
bilibili,BV1CCoLBtEx5,五一假期免费奖励大合集❗零氪玩家别错过了,蛋仔潇洒哥,287134531,2026-04-24,145,4,0,0,1,-1,0,2026-04-24,"蛋仔奇思妙想计划,蛋仔派对",https://www.bilibili.com/video/BV1CCoLBtEx5
bilibili,BV1jQdUBMEAV,【无畏契约手游】还在硬肝枪皮？这次紫金套、侦查套、288R点直接零氪拿下！,番番-海茵冠m,3706962101406375,2026-04-24,187,26,9,0,24,-1,0,2026-04-21,"无畏契约手游,手游,无畏契约手游激励计划,硬核,侦查套,紫金套,无畏契约,枪皮,零氪,平民",https://www.bilibili.com/video/BV1jQdUBMEAV
bilibili,BV1FYo5B7EKY,植物大战僵尸2PVZ 零氪公益干货，不攀比不氪金，满级白嫖植物克制一切僵尸,僵尸别想靠近,485319352,2026-04-24,96,14,10,0,9,-1,0,2026-04-24,"植物大战僵尸2,休闲益智,植物大战僵尸",https://www.bilibili.com/video/BV1FYo5B7EKY
bilibili,BV1ZKoeBvEzd,【第五人格】新赛季大揭秘+八周年庆所有白嫖福利汇总！今日上新线就送5688紫薯＋1980灵感！还有稀世时装解锁卡*1！零氪党的春天已经来临啦！Khb君,第五人格新赛季福利,3706975214897608,2026-04-24,672,87,17,0,83,-1,0,2026-04-23,"手游情报,第五人格,时装,零氪,教程攻略,线索,八周年,竞技游戏,排位,灵感",https://www.bilibili.com/video/BV1ZKoeBvEzd
bilibili,BV1Vwo5BqEbH,全网最全！《异环》11 个公测兑换码 + 470 抽零氪指南，开荒直接起飞！,异环福利兑换码B,3706975537858565,2026-04-24,63,10,11,0,15,-1,0,2026-04-24,"异环,手游情报,零氪,教程攻略,氪金",https://www.bilibili.com/video/BV1Vwo5BqEbH
bilibili,BV1iEo4B5EWL,【第五人格】周四更新大揭秘+八周年庆所有白嫖福利汇总！今日上新线就送5688紫薯＋1980灵感！还有稀世时装解锁卡*1！零氪党的春天已经来临啦！,第五人格蔡徐坤哥哥,3706974938073714,2026-04-24,6195,312,17,0,262,-1,0,2026-04-22,"第五人格,教程攻略,线索,竞技游戏,时装,紫薯,灵感,游戏",https://www.bilibili.com/video/BV1iEo4B5EWL
bilibili,BV1AQobB8EhC,零氪230 封榜前一分钟抄底 一次出解神之心,阴阳为我生,388062050,2026-04-24,1735,6,9,0,2,-1,0,2026-04-23,"解神之心,奥奇传说手游,零氪,平民",https://www.bilibili.com/video/BV1AQobB8EhC
bilibili,BV1HxojBfEDP,【洛克王国世界】最新爆料！小洛克全体注意！6480洛克钻、88国王球零氪拿下！,柠檬味少女-碧音Z宠,3706958020348721,2026-04-24,120,13,11,0,10,-1,0,2026-04-24,"童年回忆,RPG,月度补给,契约礼券,洛克钻,国王球,小洛克,零氪,洛克王国,爆料",https://www.bilibili.com/video/BV1HxojBfEDP
bilibili,BV1xGA6z7EMo,【生化危机9：安魂曲】4K 最高难度 全收集 全结局 全流程无伤通关攻略 生存恐怖动作冒险游戏 - Resident Evil 9 - Requiem【完结】,11的游戏世界,360046931,2026-04-24,4605085,35149,4420,0,31634,-1,38173,2026-02-26,"生化危机9：安魂曲,生化危机安魂曲,生化危机8,格蕾丝,李昂,浣熊市,安魂曲,恐怖游戏,单机游戏,生化危机",https://www.bilibili.com/video/BV1xGA6z7EMo
bilibili,BV1Ym4y1m7BB,【死亡岛2】4K 最高画质 全任务 全剧情流程通关攻略 丧尸动作冒险游戏 - Dead Island 2【完结】,11的游戏世界,360046931,2026-04-24,1591628,20423,2427,0,14461,-1,12198,2023-04-13,"单机游戏,PS5,推荐宝藏游戏,僵尸,恐怖游戏,丧尸,死亡岛2,死亡岛,Dead Island 2,消逝的光芒",https://www.bilibili.com/video/BV1Ym4y1m7BB
bilibili,BV14uoYByE6a,全面战争模拟器酋长的遗产：以后我不会走丢的，大家放心,骚鱼解说,27606461,2026-04-24,13510,608,65,0,323,-1,61,2026-04-23,"游戏知识分享官,搞笑解说,娱乐,搞笑,声优,骚鱼解说,我在B站做游戏,全面战争模拟器,骚鱼,声音好听",https://www.bilibili.com/video/BV14uoYByE6a
bilibili,BV1qXwyzkELR,一款黄油凭什么能够火出圈？又是为什么遭到许多人的攻击？,冷喵越泷门,526268191,2026-04-24,624633,19096,2167,0,15999,-1,822,2026-03-19,"黄油,抽象,白虎,游戏,原创,猎奇,吐槽",https://www.bilibili.com/video/BV1qXwyzkELR
bilibili,BV1SndZBJEBn,为了制造武器，实验室将人类泡在罐子里当做容器，恐怖神作《逃生》逃生讲了怎样的故事？,手柄车神,2872388,2026-04-24,71204,3428,175,0,1174,-1,233,2026-04-19,"OUTLAST,冷战,逃生,游戏解说,剧情,科幻,二战,恐怖神作",https://www.bilibili.com/video/BV1SndZBJEBn
bilibili,BV16pzyBXEuC,《我能进来吗》游戏剧情,福福_23,1660914577,2026-04-24,294282,7348,277,0,12164,-1,74,2026-01-24,"恐怖游戏,生存,寻找伪人,我能进来吗,伪人,Can I come in,攻略教程,游戏剧情",https://www.bilibili.com/video/BV16pzyBXEuC
bilibili,BV1hg411M74S,神作《锈湖》讲述了一个怎样的故事？[锈湖编年·上],零崎人物,89619004,2026-04-24,7784831,263048,3872,0,207815,-1,11578,2021-07-22,"游戏知识分享官,STEAM,单机,独立游戏,杂谈,游戏视频,锈湖,游戏攻略,攻略,单机游戏",https://www.bilibili.com/video/BV1hg411M74S
bilibili,BV1BmPAeGEQZ,神明被疯狂亵渎！人类被圣女虐杀？这款黑暗绝望的游戏还隐藏了多少秘密？,超级funky橙子,2314623,2026-04-24,4271849,112882,1025,0,128223,-1,1924,2025-02-22,"游戏鉴赏家,steam,steam游戏,独立游戏,渎神,飞智八爪鱼4,推荐宝藏游戏,飞智",https://www.bilibili.com/video/BV1BmPAeGEQZ
bilibili,BV15u4y1M78g,童年圆梦合集！100款经典游戏全通关解说！【B站独播】,浅唱君Jacky,29191734,2026-04-24,3004177,172617,3352,0,118582,-1,8109,2023-12-30,"小游戏,单机游戏,新人,浅唱君,年终游戏大赏,合集,游戏解说,游戏鉴赏家,经典游戏,游戏,童年回忆杀",https://www.bilibili.com/video/BV15u4y1M78g
bilibili,BV1xg411H7Ua,提瓦特自带卡盒的游戏角色，是牌佬没错了！,傲慢小狮子,173806509,2026-04-24,34,1,0,0,0,-1,0,2022-12-07,"原神,卡盒,游戏知识分享官",https://www.bilibili.com/video/BV1xg411H7Ua
bilibili,BV1KmDAB1E8E,究竟是神作还是粪作？韩国最新开放世界ARPG《红色沙漠》游戏测评！,编哥鸽不鸽,28027385,2026-04-24,205276,3173,1208,0,843,-1,895,2026-04-04,"crimson desert,推荐宝藏游戏,游戏鉴赏家,红色沙漠,开放世界,赛博朋克2077,ARPG,游戏测评,MMORPG",https://www.bilibili.com/video/BV1KmDAB1E8E
bilibili,BV1rw63YkEYe,头一次见开始游戏不用加载的游戏,若零没有默柏,477304724,2026-04-24,824537,5269,1378,0,1293,-1,210,2024-12-30,"单机游戏,箱庭世界,录屏,夺宝奇兵古老之圈,推荐宝藏游戏,xgp,开放世界,夺宝奇兵",https://www.bilibili.com/video/BV1rw63YkEYe
bilibili,BV1xrQEBZEPN,何为信仰？奉命封印邪神！却发现它竟是我千年前亲手溺死的孩子，这款26年的恐怖游戏剧情竟如此深刻,英俊潇洒王哈桑,5919331,2026-04-24,104529,2633,75,0,2231,-1,248,2026-04-15,"剧情解析,墨将彩虹3,推荐宝藏游戏,墨将,steam游戏,steam,游戏剧情,射击游戏,恐怖游戏,单机游戏",https://www.bilibili.com/video/BV1xrQEBZEPN
bilibili,BV1xf4y1D7Nw,【重返游戏】一口气看完GTA全系列的故事剧情,重返游戏BackToGame,23621140,2026-04-24,1622965,33150,812,0,23675,-1,6327,2020-09-24,"一口气看完,猎奇,游戏解说,STEAM,沙盒游戏,GTA,搞笑,单机游戏,游戏吐槽大会,游戏视频",https://www.bilibili.com/video/BV1xf4y1D7Nw
bilibili,BV1fjXfBcE1s,【达尔文悖论】4K 最高画质 全流程通关攻略 章鱼动作冒险游戏 - Darwin&#x27;s Paradox!【完结】,11的游戏世界,360046931,2026-04-24,174039,2318,153,0,2187,-1,717,2026-04-02,"Darwins Paradox,达尔文悖论,平台游戏,动作冒险,独立游戏,单机游戏,STEAM,章鱼,合金装备,动作游戏",https://www.bilibili.com/video/BV1fjXfBcE1s
bilibili,BV1SvdeBQEvZ,【神探杰克鼠】4K 最高画质 全流程通关攻略 复古橡皮管动画风格射击游戏 - MOUSE: P.I. For Hire,11的游戏世界,360046931,2026-04-24,186069,3708,325,0,4358,-1,762,2026-04-17,"杰克鼠,神探杰克鼠,复古,MOUSE,独立游戏,射击游戏,单机游戏,STEAM,FPS,童年",https://www.bilibili.com/video/BV1SvdeBQEvZ
bilibili,BV1UZGwzvEwy,100款4399高质量小游戏 玩过最后20款的都是4399资深牢玩家,毛蛋Modo,3546387421596390,2026-04-24,190984,2027,1332,0,1915,-1,1024,2025-07-09,"高质量,小游戏,童年,4399",https://www.bilibili.com/video/BV1UZGwzvEwy
bilibili,BV1fVyqB5E5B,童年爆红的熊出没游戏!到底隐藏了什么结局？！,日向源,154113956,2026-04-24,979828,31904,405,0,16078,-1,554,2025-10-28,"推荐宝藏游戏,搞笑,4399,休闲益智,光头强,游戏集锦,熊大,小游戏,熊二,熊出没",https://www.bilibili.com/video/BV1fVyqB5E5B
bilibili,BV19HDhBKE2e,【散人】悬疑推理《鲁特里一家死了》 家族遗产争夺战（已更新至P1）,逍遥散人,168598,2026-04-24,1283017,40337,916,0,25278,-1,1702,2026-04-07,"鲁特里一家死了,逍遥散人,整点电子榨菜,散人,解谜,游戏实况,悬疑,推理,实况解说",https://www.bilibili.com/video/BV19HDhBKE2e
bilibili,BV1GhkKByE3v,【漫漫长夜】永夜难度 开局我顶着暴风雪爬山，只为寻找高科技背包！,喵心GG,410877001,2026-04-24,4387654,79150,3249,0,68980,-1,17596,2026-01-16,"漫漫长夜,沙盒游戏,硬核,生存游戏,游戏实况,单机游戏,生存,荒野求生,实况解说,挑战",https://www.bilibili.com/video/BV1GhkKByE3v
bilibili,BV1Gk4y157Cn,三国志战略版入门攻略——第一期（新手攻略）【游戏认识篇】,离殇丶破晓,223953680,2026-04-24,178168,1366,196,0,416,-1,58,2023-07-17,"必剪创作,三国志,三国,新手,三国志战略版入门,游戏,第一期,教程攻略,新手入门,三国志战略版",https://www.bilibili.com/video/BV1Gk4y157Cn
bilibili,BV1zv4y1g77z,三国志战略版-【爆7本教学】开荒期两种不同的爆仓方式-你都会了吗？-建议收藏,酒神攻略组,1341404431,2026-04-24,135170,1717,103,0,2241,-1,123,2022-06-22,"策略,轻教学,教学,三国志战略版,酒神攻略组,三国,手机游戏,游戏攻略,攻略解说",https://www.bilibili.com/video/BV1zv4y1g77z
bilibili,BV1egoEBmEgb,三国志战略版非酉日常，勉强能够接受，王者峡谷见,哈皮小辣椒,1940585768,2026-04-24,2,0,0,0,0,-1,0,2026-04-24,"手游情报,零氪抽卡实测,三国志战略版,我在B站做游戏,非酋",https://www.bilibili.com/video/BV1egoEBmEgb
bilibili,BV1ssoTBBEsV,【三国志战略版】PK1开荒攻略第三期：武将&amp;战法的搭配,吉野老师,476206331,2026-04-24,566,11,8,0,13,-1,0,2026-04-23,三国志战略版,https://www.bilibili.com/video/BV1ssoTBBEsV
bilibili,BV1Kh411T7TP,零氪开荒保姆级攻略！学会了还能上榜！【三国志战略版零氪开荒】,一个侠盗,4090865,2026-04-24,183091,2619,281,0,1796,-1,386,2023-06-12,"三国志战略版,三国志战略版零氪,必剪创作,三国志战略版s1,三国志战略版开荒,三国志战略版零氪挑战赛,一分钟扬名B站-第六期,没有一个大学生是不疯的",https://www.bilibili.com/video/BV1Kh411T7TP
bilibili,BV1ah4y1H7re,貂蝉——闭月神控，倾国倾城《三国志战略版》【三战攻略簿】,离殇丶破晓,223953680,2026-04-24,28116,204,40,0,15,-1,23,2023-04-19,"三战攻略簿,三国,三国志战略版,三国志,教程攻略,必剪创作",https://www.bilibili.com/video/BV1ah4y1H7re
bilibili,BV1wofvYZE86,三国志战略版-新神！【法官盾】-全网最全细节超长解析！手把手教你玩会他并且克制他~-三战,心远攻略组,424022748,2026-04-24,65855,815,184,0,508,-1,77,2025-01-23,"bilibili新春季,细节,游戏解说,冬日打游戏,心远攻略组,法官,三国志战略版,教程攻略,三战,娱乐",https://www.bilibili.com/video/BV1wofvYZE86
bilibili,BV1AaX7Y8EHg,【三战自走棋 冲4000分 金珠任务 0基础全网思路最清晰的保姆式务实教学，只要看完必然拿到】,铜王咏春,400583224,2026-04-24,8675,108,18,0,74,-1,1,2025-03-19,"三国志战略版,金珠任务,自走棋,冲分攻略,三国演奕,0基础,保姆式教学,4000分,策略游戏",https://www.bilibili.com/video/BV1AaX7Y8EHg
bilibili,BV17x4y1L7Em,"三国志战略版征战第十三期：备战S2,开荒见解",三国志柚子,3493109908375671,2026-04-24,21021,223,117,0,178,-1,17,2023-02-08,"欧皇,三国,三国志,游戏知识分享官,游戏解说,三国志战略版",https://www.bilibili.com/video/BV17x4y1L7Em
bilibili,BV1UH4y1Q7Wg,《三国志:战略版》PK赛季平民开荒攻略(超详细),無聊解说,10592504,2026-04-24,68728,689,220,0,637,-1,39,2023-09-04,"三国志战略版,开荒攻略,推荐宝藏游戏,PK赛季",https://www.bilibili.com/video/BV1UH4y1Q7Wg
bilibili,BV18pAKeAEiv,三国志战略版新手保姆级攻略,海阳宋老三,46112084,2026-04-24,15137,155,26,0,127,-1,1,2025-02-16,"三战创作者计划,三国志战略版,三战2025新春服",https://www.bilibili.com/video/BV18pAKeAEiv
bilibili,BV1dEQzBPEQU,小兵打天下平民阵容搭配攻略，小兵打天下最新兑换码汇总,bili_83518583441,3706951881984637,2026-04-24,822,5,0,0,2,-1,0,2026-03-24,"教程攻略,平民,攻略",https://www.bilibili.com/video/BV1dEQzBPEQU
bilibili,BV1kNQjByEwc,小兵打天下详细攻略大全 新手小白必看,答应我t,3706967291857642,2026-04-24,128,5,4,0,4,-1,3,2026-04-15,"小兵打天下游戏,小兵打天下攻略,小兵打天下手游,小兵打天下礼包码,小兵打天下兑换码,小兵打天下",https://www.bilibili.com/video/BV1kNQjByEwc
bilibili,BV1kg4y1W7Wh,还能一根杆子打天下？,错觉在路亚,688908775,2026-04-24,13721,156,63,0,149,-1,6,2023-03-24,"路亚钓鱼,路亚",https://www.bilibili.com/video/BV1kg4y1W7Wh
bilibili,BV1tUgSzFE7L,今天刚打我，明天就敢打天下,周某人2022,13403782,2026-04-24,304244,2396,15,0,2089,-1,9,2025-07-01,"FPS,娱乐,游戏",https://www.bilibili.com/video/BV1tUgSzFE7L
bilibili,BV1BVhtzKEN6,我打天下？？,一只非常肝的鱼,3492972844812964,2026-04-24,51805,1443,230,0,110,-1,14,2025-08-02,"荒野乱斗,吐槽",https://www.bilibili.com/video/BV1BVhtzKEN6
bilibili,BV1ks4y1L7tT,自古打天下难 守天下更难,这么感性哦,3461568522094763,2026-04-24,7871,251,14,0,246,-1,1,2023-03-03,励志,https://www.bilibili.com/video/BV1ks4y1L7tT
bilibili,BV1SZ4y1B7dG,一招沙鼠打天下,玩悠悠球的花生,1245652023,2026-04-24,250961,1918,217,0,1090,-1,24,2022-03-26,"火力少年王,悠悠球,记录生活随手拍,打卡挑战",https://www.bilibili.com/video/BV1SZ4y1B7dG
bilibili,BV1Xk4y1T7Qu,打天下人人都有功劳，凭什么是他韩信一个人的,三十六重天e,1160977314,2026-04-24,85031,1065,412,0,87,-1,48,2023-06-27,"刘邦,电影,汉朝,历史,影视剪辑,韩信,必剪创作",https://www.bilibili.com/video/BV1Xk4y1T7Qu
bilibili,BV1J2oVBmEZB,今天你敢打我，明天就敢打天下~,樱为缘大樱桃,3706956290197536,2026-04-24,467,3,0,0,1,-1,0,2026-04-24,"樱桃熟了,大樱桃,小姐姐,沙雕,搞笑",https://www.bilibili.com/video/BV1J2oVBmEZB
bilibili,BV1fq4y147Tg,重重博弈下的配将思路，五队共存在北定中原的应用【三国志战略版-有啥配啥打天下】05,阿志-三国志战略版,454802537,2026-04-24,91132,695,314,0,398,-1,247,2022-02-14,"策略,攻略,三国志战略版,三国,游戏,手机游戏,有啥配啥打天下,军师云集大神上台,三国志,游戏知识分享官",https://www.bilibili.com/video/BV1fq4y147Tg
bilibili,BV1keekzfEz4,【无悔华夏】打天下！分天下！,想要记得的47件事,344155029,2026-04-24,17191,203,50,0,48,-1,7,2025-08-27,"无悔华夏大唐,无悔华夏,教程攻略,娱乐",https://www.bilibili.com/video/BV1keekzfEz4
bilibili,BV1wMdaBYEVd,请选择你的ID：我选择随缘 问剑白玉京 看海义父泽爱 好风凭借力 韩信灬打天下 兰亭公子苏 我会踏风行 我逆风前进 我即是灾难 xx667 一剑寒芒间,风雪亥时归66,3690982879004782,2026-04-24,528,11,0,0,2,-1,0,2026-04-16,"火影决斗场本质高手,ID,娱乐",https://www.bilibili.com/video/BV1wMdaBYEVd
bilibili,BV1vFojB2EBp,倪海厦讲：我替中医打天下！,大医倪师,3461578204645447,2026-04-24,642,27,1,0,4,-1,0,2026-04-24,"倪海厦,中医,健康,养生",https://www.bilibili.com/video/BV1vFojB2EBp
bilibili,BV1kdAmzcEtc,一刀一个急速，创世我也要打天下#生死狙击#冒险,Rhon啊,3493113924421738,2026-04-24,921,12,22,0,0,-1,0,2026-02-27,"必剪创作,生死狙击,电子竞技,娱乐",https://www.bilibili.com/video/BV1kdAmzcEtc
bilibili,BV1S14y1e73a,【锦堂&amp;生姜】锦堂将军九首打天下战歌 | 愿战士们高效奋斗！,打天下的生姜,501088472,2026-04-24,2362,43,11,0,34,-1,11,2022-09-11,"锦堂,自律,努力,收藏这个秋天,打卡2022年的秋天,学习,锦堂生活空间,战歌,必剪创作,正能量,奋斗",https://www.bilibili.com/video/BV1S14y1e73a
bilibili,BV16J411u7FE,EVE：最喜欢a族炮了，远近通杀，而且免费，俗称白...额 白球打天下,ff7ff7,12611396,2026-04-24,36682,141,138,0,42,-1,93,2019-09-21,"宇宙,EVE星战前夜,星战前夜,战列舰,网络游戏,太空,科幻,EVE欧服,飞船,EVE",https://www.bilibili.com/video/BV16J411u7FE
bilibili,BV19vrUYBEC6,S5 T0级打架七队伍，让你打遍天下无敌手！,老吴三国谋定天下,3546712255760933,2026-04-24,11513,64,6,0,38,-1,0,2025-01-07,"三谋良心又好玩,策略游戏,三国谋定天下攻略,三国slg,干货分享",https://www.bilibili.com/video/BV19vrUYBEC6
bilibili,BV1Wt5Nz6EfJ,三国杀征战天下 唯一真神！,厚德Zyw0o丶,262901499,2026-04-24,26954,77,383,0,37,-1,1,2025-05-08,"通关视频,三国杀,三国杀移动端",https://www.bilibili.com/video/BV1Wt5Nz6EfJ
bilibili,BV1E24y1Z7tp,【天下布魔】配队指南-12个主流队伍,狸猫不打羊,1215301622,2026-04-24,134373,2298,625,0,1153,-1,57,2022-09-12,"天下布魔,教程攻略,轻教学,必剪创作",https://www.bilibili.com/video/BV1E24y1Z7tp
